"X","Language","Meaning","C1","V1","C2","V2"
1,"Mẽbêngôkre","FARM","p","u","r","∅"
2,"Mẽbêngôkre","FISH","t","e","p","∅"
3,"Mẽbêngôkre","POUR","k","a","p","ĩ"
4,"Mẽbêngôkre","PATH","p","∅","r","y"
5,"Mẽbêngôkre","COVER","p","∅","r","o"
6,"Mẽbêngôkre","WIFE","p","∅","r","õ"
7,"Mẽbêngôkre","MACAW","m","ə","n","∅"
8,"Mẽbêngôkre","SUN","m","y","t","∅"
9,"Mẽbêngôkre","GO (PLURAL)","m","õ","r","∅"
10,"Mẽbêngôkre","SEE","p","u","m","ũ"
11,"Mẽbêngôkre","NECK","m","u","t","∅"
12,"Mẽbêngôkre","GOOD","m","e","c","∅"
13,"Mẽbêngôkre","HONEY","m","e","ñ","∅"
14,"Mẽbêngôkre","THROW","m","ẽ","ñ","∅"
15,"Mẽbêngôkre","WALK (SINGULAR)","m","∅","r","ã"
16,"Mẽbêngôkre","THROW (SINGULAR)","k","a","b","a"
17,"Mẽbêngôkre","WHISTLE","∅","a","b","ô"
18,"Mẽbêngôkre","NON-INDIGENOUS","k","u","b","ẽ"
19,"Mẽbêngôkre","SCRATCH","b","ê","ñ","∅"
20,"Mẽbêngôkre","BLOW","w","a","b","ê"
21,"Mẽbêngôkre","MOVE UP","w","a","b","i"
22,"Mẽbêngôkre","KILL (SINGULAR)","b","ĩ","r","∅"
23,"Mẽbêngôkre","DIE","t","y","k","∅"
24,"Mẽbêngôkre","GO OUT","k","a","t","o"
25,"Mẽbêngôkre","BE BORN","k","a","t","o"
26,"Mẽbêngôkre","PISS","∅","i","t","u"
27,"Mẽbêngôkre","ROTTEN","k","∅","ɾ","ɔ"
28,"Mẽbêngôkre","GO (SINGULAR)","t","ẽ","m","∅"
29,"Mẽbêngôkre","BURN","c","ê","r","∅"
30,"Mẽbêngôkre","SQUEEZE","j","a","n","ê"
31,"Mẽbêngôkre","ALL","k","u","n","i"
32,"Mẽbêngôkre","WING","j","a","r","a"
33,"Mẽbêngôkre","IMAGE","k","a","r","õ"
34,"Mẽbêngôkre","SPIRIT","k","a","r","õ"
35,"Mẽbêngôkre","THROW (PLURAL)","r","ẽ","ñ","∅"
36,"Mẽbêngôkre","TELL","j","a","r","ẽ"
37,"Mẽbêngôkre","LOOK","r","ĩ","t","∅"
38,"Mẽbêngôkre","BASKET","k","a","c","∅"
39,"Mẽbêngôkre","BIG BIRD","∅","ə","k","∅"
40,"Mẽbêngôkre","FALCON","∅","ə","k","∅"
41,"Mẽbêngôkre","FIRE","k","∅","w","y"
42,"Mẽbêngôkre","PAINT","ʔ","ô","k","∅"
43,"Mẽbêngôkre","CHILD","j","a","∅","ê"
44,"Mẽbêngôkre","LIE","ʔ","ê","c","∅"
45,"Mẽbêngôkre","BITE","ñ","ã","ñ","∅"
46,"Mẽbêngôkre","HANG (SINGULAR)","ñ","ô","r","∅"
47,"Mẽbêngôkre","ENTER (SINGULAR)","w","a","ĵ","ə"
48,"Mẽbêngôkre","BE SEATED (SINGULAR)","ñ","ỹ","r","∅"
49,"Mẽbêngôkre","TOOTH","ĵ","∅","w","a"
50,"Mẽbêngôkre","PLACE LAYING DOWN (SINGULAR)","ĵ","i","r","∅"
51,"Mẽbêngôkre","SWEET POTATO","j","ə","t","∅"
52,"Mẽbêngôkre","WHO","ñ","ỹ","m","∅"
53,"Mẽbêngôkre","SING (BIRDS)","k","ə","r","∅"
54,"Mẽbêngôkre","AXE","k","ə","c","∅"
55,"Mẽbêngôkre","KNIFE","k","ə","c","∅"
56,"Mẽbêngôkre","DRINK","∅","i","k","õ"
57,"Mẽbêngôkre","THIRST","k","ɔ","ɾ","∅"
58,"Mẽbêngôkre","EAT (PLURAL)","k","u","ɾ","∅"
59,"Mẽbêngôkre","STONE","k","ẽ","n","∅"
60,"Mẽbêngôkre","HAPPY","k","ĩ","ɲ","∅"
61,"Mẽbêngôkre","LIKE","k","ĩ","ɲ","∅"
62,"Mẽbêngôkre","HEAD","k","∅","ɾ","ə̃"
63,"Mẽbêngôkre","COLD","k","∅","ɾ","ɨ"
64,"Mẽbêngôkre","HOLE","k","∅","ɾ","ɛ"
65,"Mẽbêngôkre","BE SITTING (PLURAL)","k","∅","ɾ","ĩ"
66,"Mẽbêngôkre","SNAKE","k","a","ŋ","ə̃"
67,"Mẽbêngôkre","LIQUID","k","a","ŋ","ɔ"
68,"Mẽbêngôkre","DRY","ŋ","∅","ɾ","ə"
69,"Mẽbêngôkre","EGG","ŋ","∅","ɾ","ɛ"
70,"Mẽbêngôkre","VAGINA","ŋ","∅","ɾ","ɛ"
71,"Mẽbêngôkre","DANCE","ŋ","∅","ɾ","ɛ"
72,"Mẽbêngôkre","SING","ŋ","∅","ɾ","ɛ"
73,"Mẽbêngôkre","ROAST (PLURAL)","ĵ","ə","ɾ","∅"
74,"Mẽbêngôkre","SLEEP","ŋ","õ","ɾ","∅"
75,"Apinayé","FARM","p","u","r","∅"
76,"Apinayé","FISH","t","e","p","∅"
77,"Apinayé","POUR","k","a","p","ĩ"
78,"Apinayé","PATH","p","∅","r","y"
79,"Apinayé","COVER","p","∅","r","o"
80,"Apinayé","WIFE","p","∅","r","õ"
81,"Apinayé","MACAW","m/b","ə","n","∅"
82,"Apinayé","SUN","m/b","y","t","∅"
83,"Apinayé","GO (PLURAL)","m","õ","r","∅"
84,"Apinayé","SEE","p","u","m/b","u"
85,"Apinayé","NECK","m/b","u","t","∅"
86,"Apinayé","GOOD","m/b","e","c","∅"
87,"Apinayé","HONEY","m/b","e","ñ","∅"
88,"Apinayé","THROW","m","ẽ","ñ","∅"
89,"Apinayé","WALK (SINGULAR)","m/b","∅","r","a"
90,"Apinayé","THROW (SINGULAR)","k","a","p","a"
91,"Apinayé","WHISTLE","k","ə","r","∅"
92,"Apinayé","NON-INDIGENOUS","k","u","p","ẽ"
93,"Apinayé","SCRATCH","j","a","k","ə"
94,"Apinayé","BLOW","∅","a","p","ê"
95,"Apinayé","MOVE UP","∅","a","p","i"
96,"Apinayé","KILL (SINGULAR)","p","ĩ","r","∅"
97,"Apinayé","DIE","t","y","k","∅"
98,"Apinayé","GO OUT","k","a","t","o"
99,"Apinayé","BE BORN","k","a","t","o"
100,"Apinayé","PISS","t","u","r","∅"
101,"Apinayé","ROTTEN","k","∅","ɾ","ɔ"
102,"Apinayé","GO (SINGULAR)","t","ẽ","m","∅"
103,"Apinayé","BURN","c","ê","r","∅"
104,"Apinayé","SQUEEZE","j","a","n/d","ê"
105,"Apinayé","ALL","v","ə̂","r","∅"
106,"Apinayé","WING","j","a","r","a"
107,"Apinayé","IMAGE","k","a","r","õ"
108,"Apinayé","SPIRIT","k","a","r","õ"
109,"Apinayé","THROW (PLURAL)","r","ẽ","ñ","∅"
110,"Apinayé","TELL","j","a","r","ẽ"
111,"Apinayé","LOOK","r","ĩ","t","∅"
112,"Apinayé","BASKET","k","a","v","ə"
113,"Apinayé","BIG BIRD","∅","ə","k","∅"
114,"Apinayé","FALCON","∅","ə","k","∅"
115,"Apinayé","FIRE","k","u","v","y"
116,"Apinayé","PAINT","ʔ","ô","k","∅"
117,"Apinayé","CHILD","j","a","∅","ê"
118,"Apinayé","LIE","ʔ","ê","c","∅"
119,"Apinayé","BITE","n","∅","ĵ","a"
120,"Apinayé","HANG (SINGULAR)","n","∅","ĵ","ô"
121,"Apinayé","ENTER (SINGULAR)","∅","a","c","ə"
122,"Apinayé","BE SEATED (SINGULAR)","ñ","ỹ","r","∅"
123,"Apinayé","TOOTH","c","∅","v","a"
124,"Apinayé","PLACE LAYING DOWN (SINGULAR)","c","i","r","∅"
125,"Apinayé","SWEET POTATO","j","ə","t","∅"
126,"Apinayé","WHO","ñ","ũ","m","∅"
127,"Apinayé","SING (BIRDS)","k","ə","r","∅"
128,"Apinayé","AXE","k","ə","c","∅"
129,"Apinayé","KNIFE","k","ə","c","∅"
130,"Apinayé","DRINK","k","õ","m","∅"
131,"Apinayé","THIRST","k","ɔ","ɾ","∅"
132,"Apinayé","EAT (PLURAL)","k","u","ɾ","∅"
133,"Apinayé","STONE","k","ẽ","n","∅"
134,"Apinayé","HAPPY","k","ĩ","ɲ","∅"
135,"Apinayé","LIKE","k","ĩ","ɲ","∅"
136,"Apinayé","HEAD","k","∅","ɾ","ə̃"
137,"Apinayé","COLD","k","∅","ɾ","ɨ"
138,"Apinayé","HOLE","k","∅","ɾ","ɛ"
139,"Apinayé","BE SITTING (PLURAL)","k","∅","ɾ","ĩ"
140,"Apinayé","SNAKE","k","a","ŋ","ə̃"
141,"Apinayé","LIQUID","k","a","ŋ/g","ɔ"
142,"Apinayé","DRY","ŋ/g","∅","ɾ","ə"
143,"Apinayé","EGG","ŋ/g","∅","ɾ","ɛ"
144,"Apinayé","VAGINA","ŋ/g","∅","ɾ","ɛ"
145,"Apinayé","DANCE","ŋ/g","∅","ɾ","ɛ"
146,"Apinayé","SING","ŋ/g","∅","ɾ","ɛ"
147,"Apinayé","ROAST (PLURAL)","c","ə","ɾ","∅"
148,"Apinayé","SLEEP","ŋ","õ","ɾ","∅"
149,"Kĩsêdjê","FARM","h","u","r","∅"
150,"Kĩsêdjê","FISH","ṭʰ","e","p","∅"
151,"Kĩsêdjê","POUR","r","u","n","∅"
152,"Kĩsêdjê","PATH","h","∅","r","y"
153,"Kĩsêdjê","COVER","h","∅","r","o"
154,"Kĩsêdjê","WIFE","h","∅","r","õ"
155,"Kĩsêdjê","MACAW","m/b","ə","n","∅"
156,"Kĩsêdjê","SUN","m/b","y","t","∅"
157,"Kĩsêdjê","GO (PLURAL)","m","õ","r","∅"
158,"Kĩsêdjê","SEE","m","ũ","n","∅"
159,"Kĩsêdjê","NECK","m/b","u","t","∅"
160,"Kĩsêdjê","GOOD","m/b","e","t/i","∅"
161,"Kĩsêdjê","HONEY","m/b","e","n","∅"
162,"Kĩsêdjê","THROW","m","ẽ","n","∅"
163,"Kĩsêdjê","WALK (SINGULAR)","m/b","∅","r","a"
164,"Kĩsêdjê","THROW (SINGULAR)","k","a","p","a"
165,"Kĩsêdjê","WHISTLE","kʰ","ə","r","∅"
166,"Kĩsêdjê","NON-INDIGENOUS","k","u","p","ẽ"
167,"Kĩsêdjê","SCRATCH","k","a","kʰ","ɛ"
168,"Kĩsêdjê","BLOW","∅","a","p","ê"
169,"Kĩsêdjê","MOVE UP","∅","a","p","i"
170,"Kĩsêdjê","KILL (SINGULAR)","p","ĩ","r","∅"
171,"Kĩsêdjê","DIE","ṭʰ","y","k","∅"
172,"Kĩsêdjê","GO OUT","k","a","ṭʰ","o"
173,"Kĩsêdjê","BE BORN","k","a","ṭʰ","o"
174,"Kĩsêdjê","PISS","∅","i","ṭʰ","u"
175,"Kĩsêdjê","ROTTEN","kʰ","∅","ɾ","ɔ"
176,"Kĩsêdjê","GO (SINGULAR)","ṭʰ","ẽ","m","∅"
177,"Kĩsêdjê","BURN","s","ê","t","∅"
178,"Kĩsêdjê","SQUEEZE","j","a","n/d","ê"
179,"Kĩsêdjê","ALL","k","u","n","ĩ"
180,"Kĩsêdjê","WING","j","a","r","a"
181,"Kĩsêdjê","IMAGE","k","a","r","õ"
182,"Kĩsêdjê","SPIRIT","k","a","r","õ"
183,"Kĩsêdjê","THROW (PLURAL)","r","ẽ","n","∅"
184,"Kĩsêdjê","TELL","j","a","r","ẽ"
185,"Kĩsêdjê","LOOK","r","i","t","∅"
186,"Kĩsêdjê","BASKET","k","ô","s","ə"
187,"Kĩsêdjê","BIG BIRD","s","ə","k","∅"
188,"Kĩsêdjê","FALCON","s","ə","k","∅"
189,"Kĩsêdjê","FIRE","k","u","s","y"
190,"Kĩsêdjê","PAINT","s","ô","k","∅"
191,"Kĩsêdjê","CHILD","kʰ","∅","ɾ","a"
192,"Kĩsêdjê","LIE","s","ê","t","∅"
193,"Kĩsêdjê","BITE","n","∅","t","a"
194,"Kĩsêdjê","HANG (SINGULAR)","n","∅","t","ô"
195,"Kĩsêdjê","ENTER (SINGULAR)","∅","a","t","ə"
196,"Kĩsêdjê","BE SEATED (SINGULAR)","ñ","ỹ","r","∅"
197,"Kĩsêdjê","TOOTH","t","∅","w","a"
198,"Kĩsêdjê","PLACE LAYING DOWN (SINGULAR)","t","i","r","∅"
199,"Kĩsêdjê","SWEET POTATO","j","ə","t","∅"
200,"Kĩsêdjê","WHO","ñ","ũ","m","∅"
201,"Kĩsêdjê","SING (BIRDS)","kʰ","ə","r","∅"
202,"Kĩsêdjê","AXE","kʰ","ə","t","∅"
203,"Kĩsêdjê","KNIFE","kʰ","ə","t","∅"
204,"Kĩsêdjê","DRINK","∅","i","kʰ","õ"
205,"Kĩsêdjê","THIRST","kʰ","ɔ","ɾ","∅"
206,"Kĩsêdjê","EAT (PLURAL)","kʰ","u","ɾ","∅"
207,"Kĩsêdjê","STONE","kʰ","ẽ","n","∅"
208,"Kĩsêdjê","HAPPY","kʰ","ĩ","n","∅"
209,"Kĩsêdjê","LIKE","kʰ","ĩ","n","∅"
210,"Kĩsêdjê","HEAD","kʰ","∅","ɾ","ə̃"
211,"Kĩsêdjê","COLD","kʰ","∅","ɾ","ɨ"
212,"Kĩsêdjê","HOLE","kʰ","∅","ɾ","ɛ"
213,"Kĩsêdjê","BE SITTING (PLURAL)","kʰ","∅","ɾ","ĩ"
214,"Kĩsêdjê","SNAKE","k","a","ŋ","ə̃"
215,"Kĩsêdjê","LIQUID","k","a","ŋ/g","ɔ"
216,"Kĩsêdjê","DRY","ŋ/g","∅","ɾ","ə"
217,"Kĩsêdjê","EGG","ŋ/g","∅","ɾ","ɛ"
218,"Kĩsêdjê","VAGINA","ŋ/g","∅","ɾ","ɛ"
219,"Kĩsêdjê","DANCE","ŋ/g","∅","ɾ","ɛ"
220,"Kĩsêdjê","SING","ŋ/g","∅","ɾ","ɛ"
221,"Kĩsêdjê","ROAST (PLURAL)","k","a","j","∅"
222,"Kĩsêdjê","SLEEP","ŋ","õ","ɾ","∅"
223,"Tapayúna","FARM","h","u","r","∅"
224,"Tapayúna","FISH","ṭʰ","e","p","∅"
225,"Tapayúna","POUR","r","u","j","∅"
226,"Tapayúna","PATH","h","∅","r","y"
227,"Tapayúna","COVER","h","∅","r","o"
228,"Tapayúna","WIFE","h","∅","r","õ"
229,"Tapayúna","MACAW","w̃","ə","t","∅"
230,"Tapayúna","SUN","w̃","y","t","∅"
231,"Tapayúna","GO (PLURAL)","w̃","õ","r","∅"
232,"Tapayúna","SEE","w̃","u","j","∅"
233,"Tapayúna","NECK","w̃","u","t","∅"
234,"Tapayúna","GOOD","w̃","e","t/i","∅"
235,"Tapayúna","HONEY","w̃","e","j","∅"
236,"Tapayúna","THROW","w̃","ẽ","j","∅"
237,"Tapayúna","WALK (SINGULAR)","n","∅","r","a"
238,"Tapayúna","THROW (SINGULAR)","k","a","w","a"
239,"Tapayúna","WHISTLE","kʰ","ə","r","∅"
240,"Tapayúna","NON-INDIGENOUS","k","u","w","ẽ"
241,"Tapayúna","SCRATCH","w","ê","j","∅"
242,"Tapayúna","BLOW","j","a","kʰ","ɔ"
243,"Tapayúna","MOVE UP","∅","a","w","i"
244,"Tapayúna","KILL (SINGULAR)","w","ĩ","r","∅"
245,"Tapayúna","DIE","ṭʰ","y","k","∅"
246,"Tapayúna","GO OUT","k","a","ṭʰ","o"
247,"Tapayúna","BE BORN","k","a","ṭʰ","o"
248,"Tapayúna","PISS","∅","i","ṭʰ","u"
249,"Tapayúna","ROTTEN","kʰ","∅","ɾ","ɔ"
250,"Tapayúna","GO (SINGULAR)","ṭʰ","ẽ","m","∅"
251,"Tapayúna","BURN","t","ê","t","∅"
252,"Tapayúna","SQUEEZE","j","a","n/d","ê"
253,"Tapayúna","ALL","k","u","n","ĩ"
254,"Tapayúna","WING","j","a","r","a"
255,"Tapayúna","IMAGE","k","a","r","õ"
256,"Tapayúna","SPIRIT","k","a","r","õ"
257,"Tapayúna","THROW (PLURAL)","r","ẽ","j","∅"
258,"Tapayúna","TELL","j","a","r","ẽ"
259,"Tapayúna","LOOK","r","i","t","∅"
260,"Tapayúna","BASKET","k","u","t","ə"
261,"Tapayúna","BIG BIRD","t","ə","k","∅"
262,"Tapayúna","FALCON","t","ə","k","∅"
263,"Tapayúna","FIRE","k","u","t","y"
264,"Tapayúna","PAINT","t","ô","k","∅"
265,"Tapayúna","CHILD","kʰ","∅","ɾ","a"
266,"Tapayúna","LIE","t","ê","t","∅"
267,"Tapayúna","BITE","n","∅","t","a"
268,"Tapayúna","HANG (SINGULAR)","n","∅","t","ô"
269,"Tapayúna","ENTER (SINGULAR)","∅","a","t","ə"
270,"Tapayúna","BE SEATED (SINGULAR)","ñ","ỹ","r","∅"
271,"Tapayúna","TOOTH","t","∅","w","a"
272,"Tapayúna","PLACE LAYING DOWN (SINGULAR)","t","i","r","∅"
273,"Tapayúna","SWEET POTATO","j","ə̂","t","∅"
274,"Tapayúna","WHO","ñ","ũ","w","∅"
275,"Tapayúna","SING (BIRDS)","kʰ","ə","r","∅"
276,"Tapayúna","AXE","kʰ","ə","t","∅"
277,"Tapayúna","KNIFE","kʰ","ə","t","∅"
278,"Tapayúna","DRINK","∅","i","kʰ","õ"
279,"Tapayúna","THIRST","kʰ","ɔ","ɾ","∅"
280,"Tapayúna","EAT (PLURAL)","kʰ","u","ɾ","∅"
281,"Tapayúna","STONE","kʰ","ẽ","n","∅"
282,"Tapayúna","HAPPY","kʰ","ĩ","j","∅"
283,"Tapayúna","LIKE","kʰ","ĩ","j","∅"
284,"Tapayúna","HEAD","kʰ","∅","ɾ","ə̃"
285,"Tapayúna","COLD","kʰ","∅","ɾ","ɨ"
286,"Tapayúna","HOLE","kʰ","∅","ɾ","ɛ"
287,"Tapayúna","BE SITTING (PLURAL)","kʰ","∅","ɾ","ĩ"
288,"Tapayúna","SNAKE","k","a","ŋ","ə̃"
289,"Tapayúna","LIQUID","k","a","ŋ/g","ɔ"
290,"Tapayúna","DRY","ŋ/g","∅","ɾ","ə"
291,"Tapayúna","EGG","ŋ/g","∅","ɾ","ɛ"
292,"Tapayúna","VAGINA","ŋ/g","∅","ɾ","ɛ"
293,"Tapayúna","DANCE","ŋ/g","∅","ɾ","ɛ"
294,"Tapayúna","SING","ŋ/g","∅","ɾ","ɛ"
295,"Tapayúna","ROAST (PLURAL)","t","ə","ɾ","∅"
296,"Tapayúna","SLEEP","ŋ","õ","ɾ","∅"
297,"Parkatêjê","FARM","p","u","r","∅"
298,"Parkatêjê","FISH","t","e","p","∅"
299,"Parkatêjê","POUR","r","u","r","∅"
300,"Parkatêjê","PATH","p","∅","r","y"
301,"Parkatêjê","COVER","p","∅","r","o"
302,"Parkatêjê","WIFE","p","∅","r","õ"
303,"Parkatêjê","MACAW","p","ə","n","∅"
304,"Parkatêjê","SUN","p","y","t","∅"
305,"Parkatêjê","GO (PLURAL)","m","õ","n","∅"
306,"Parkatêjê","SEE","p","u","p","u"
307,"Parkatêjê","NECK","p","u","t","∅"
308,"Parkatêjê","GOOD","p","e","j","∅"
309,"Parkatêjê","HONEY","p","e","n","∅"
310,"Parkatêjê","THROW","m","ẽ","n","∅"
311,"Parkatêjê","WALK (SINGULAR)","p","∅","r","a"
312,"Parkatêjê","THROW (SINGULAR)","k","a","p","a"
313,"Parkatêjê","WHISTLE","k","ə","r","∅"
314,"Parkatêjê","NON-INDIGENOUS","k","u","p","ẽ"
315,"Parkatêjê","SCRATCH","k","a","c","u"
316,"Parkatêjê","BLOW","t","a","p","ê"
317,"Parkatêjê","MOVE UP","∅","ə","p","i"
318,"Parkatêjê","KILL (SINGULAR)","p","ĩ","r","∅"
319,"Parkatêjê","DIE","t","y","k","∅"
320,"Parkatêjê","GO OUT","k","a","t","o"
321,"Parkatêjê","BE BORN","k","a","t","o"
322,"Parkatêjê","PISS","∅","i","t","u"
323,"Parkatêjê","ROTTEN","k","∅","ɾ","ɔ"
324,"Parkatêjê","GO (SINGULAR)","t","ẽ","n","∅"
325,"Parkatêjê","BURN","c","ê","t","∅"
326,"Parkatêjê","SQUEEZE","j","a","t","ê"
327,"Parkatêjê","ALL","w","ə̂","r","∅"
328,"Parkatêjê","WING","j","a","r","a"
329,"Parkatêjê","IMAGE","k","a","r","õ"
330,"Parkatêjê","SPIRIT","k","a","r","õ"
331,"Parkatêjê","THROW (PLURAL)","r","ẽ","n","∅"
332,"Parkatêjê","TELL","j","a","r","ẽ"
333,"Parkatêjê","LOOK","r","ĩ","t","∅"
334,"Parkatêjê","BASKET","k","ə","h","ə"
335,"Parkatêjê","BIG BIRD","h","ə","k","∅"
336,"Parkatêjê","FALCON","h","ə","k","∅"
337,"Parkatêjê","FIRE","k","u","h","y"
338,"Parkatêjê","PAINT","h","ô","k","∅"
339,"Parkatêjê","CHILD","k","∅","ɾ","a"
340,"Parkatêjê","LIE","h","ê","j","∅"
341,"Parkatêjê","BITE","c","a","r","∅"
342,"Parkatêjê","HANG (SINGULAR)","c","ô","r","∅"
343,"Parkatêjê","ENTER (SINGULAR)","c","ə","r","∅"
344,"Parkatêjê","BE SEATED (SINGULAR)","j","ỹ","r","∅"
345,"Parkatêjê","TOOTH","c","∅","w","a"
346,"Parkatêjê","PLACE LAYING DOWN (SINGULAR)","c","i","r","∅"
347,"Parkatêjê","SWEET POTATO","j","ə","t","∅"
348,"Parkatêjê","WHO","j","ũ","m","∅"
349,"Parkatêjê","SING (BIRDS)","k","ə","r","∅"
350,"Parkatêjê","AXE","k","ə","j","∅"
351,"Parkatêjê","KNIFE","k","ə","j","∅"
352,"Parkatêjê","DRINK","∅","i","k","õ"
353,"Parkatêjê","THIRST","k","ɔ","ɾ","∅"
354,"Parkatêjê","EAT (PLURAL)","k","u","ɾ","∅"
355,"Parkatêjê","STONE","k","ẽ","n","∅"
356,"Parkatêjê","HAPPY","k","ĩ","n","∅"
357,"Parkatêjê","LIKE","k","ĩ","n","∅"
358,"Parkatêjê","HEAD","k","∅","ɾ","ə̃"
359,"Parkatêjê","COLD","k","∅","ɾ","ɨ"
360,"Parkatêjê","HOLE","k","∅","ɾ","ɛ"
361,"Parkatêjê","BE SITTING (PLURAL)","k","∅","ɾ","ĩ"
362,"Parkatêjê","SNAKE","k","a","h","ə̃"
363,"Parkatêjê","LIQUID","k","a","k","ɔ"
364,"Parkatêjê","DRY","k","∅","ɾ","ə"
365,"Parkatêjê","EGG","k","∅","ɾ","ɛ"
366,"Parkatêjê","VAGINA","k","∅","ɾ","ɛ"
367,"Parkatêjê","DANCE","k","∅","ɾ","ɛ"
368,"Parkatêjê","SING","k","∅","ɾ","ɛ"
369,"Parkatêjê","ROAST (PLURAL)","c","ə","ɾ","∅"
370,"Parkatêjê","SLEEP","h","õ","ɾ","∅"
371,"Canela-Krahô","FARM","p","u","r","∅"
372,"Canela-Krahô","FISH","t","e","p","∅"
373,"Canela-Krahô","POUR","k","a","p","ĩ"
374,"Canela-Krahô","PATH","p","∅","r","y"
375,"Canela-Krahô","COVER","p","∅","r","o"
376,"Canela-Krahô","WIFE","p","∅","r","õ"
377,"Canela-Krahô","MACAW","p","ə","n","∅"
378,"Canela-Krahô","SUN","p","y","t","∅"
379,"Canela-Krahô","GO (PLURAL)","m","õ","r","∅"
380,"Canela-Krahô","SEE","p","u","p","u"
381,"Canela-Krahô","NECK","p","u","t","∅"
382,"Canela-Krahô","GOOD","p","e","j","∅"
383,"Canela-Krahô","HONEY","p","e","n","∅"
384,"Canela-Krahô","THROW","m","ẽ","n","∅"
385,"Canela-Krahô","WALK (SINGULAR)","p","∅","r","a"
386,"Canela-Krahô","THROW (SINGULAR)","k","a","p","a"
387,"Canela-Krahô","WHISTLE","∅","a","p","ô"
388,"Canela-Krahô","NON-INDIGENOUS","k","u","p","ẽ"
389,"Canela-Krahô","SCRATCH","p","ê","n","∅"
390,"Canela-Krahô","BLOW","∅","a","p","ê"
391,"Canela-Krahô","MOVE UP","∅","a","p","i"
392,"Canela-Krahô","KILL (SINGULAR)","p","ĩ","r","∅"
393,"Canela-Krahô","DIE","t","y","k","∅"
394,"Canela-Krahô","GO OUT","k","a","t","o"
395,"Canela-Krahô","BE BORN","k","a","t","o"
396,"Canela-Krahô","PISS","∅","i","t","u"
397,"Canela-Krahô","ROTTEN","kʰ","∅","ɾ","ɔ"
398,"Canela-Krahô","GO (SINGULAR)","t","ẽ","m","∅"
399,"Canela-Krahô","BURN","c","ê","t","∅"
400,"Canela-Krahô","SQUEEZE","j","a","t","ê"
401,"Canela-Krahô","ALL","w","ə̂","r","∅"
402,"Canela-Krahô","WING","j","a","r","a"
403,"Canela-Krahô","IMAGE","k","a","r","õ"
404,"Canela-Krahô","SPIRIT","k","a","r","õ"
405,"Canela-Krahô","THROW (PLURAL)","r","ẽ","n","∅"
406,"Canela-Krahô","TELL","j","a","r","ẽ"
407,"Canela-Krahô","LOOK","r","ĩ","t","∅"
408,"Canela-Krahô","BASKET","kʰ","ə","h","ə"
409,"Canela-Krahô","BIG BIRD","h","ə","k","∅"
410,"Canela-Krahô","FALCON","h","ə","k","∅"
411,"Canela-Krahô","FIRE","k","u","h","y"
412,"Canela-Krahô","PAINT","h","ô","k","∅"
413,"Canela-Krahô","CHILD","j","a","h","ê"
414,"Canela-Krahô","LIE","h","ê","j","∅"
415,"Canela-Krahô","BITE","c","a","r","∅"
416,"Canela-Krahô","HANG (SINGULAR)","c","ô","r","∅"
417,"Canela-Krahô","ENTER (SINGULAR)","∅","a","c","ə"
418,"Canela-Krahô","BE SEATED (SINGULAR)","j","ỹ","r","∅"
419,"Canela-Krahô","TOOTH","c","∅","w","a"
420,"Canela-Krahô","PLACE LAYING DOWN (SINGULAR)","c","i","r","∅"
421,"Canela-Krahô","SWEET POTATO","j","ə","t","∅"
422,"Canela-Krahô","WHO","j","ũ","m","∅"
423,"Canela-Krahô","SING (BIRDS)","kʰ","ə","r","∅"
424,"Canela-Krahô","AXE","kʰ","ə","j","∅"
425,"Canela-Krahô","KNIFE","kʰ","ə","j","∅"
426,"Canela-Krahô","DRINK","∅","i","kʰ","õ"
427,"Canela-Krahô","THIRST","kʰ","ɔ","ɾ","∅"
428,"Canela-Krahô","EAT (PLURAL)","kʰ","u","ɾ","∅"
429,"Canela-Krahô","STONE","kʰ","ẽ","n","∅"
430,"Canela-Krahô","HAPPY","kʰ","ĩ","n","∅"
431,"Canela-Krahô","LIKE","kʰ","ĩ","n","∅"
432,"Canela-Krahô","HEAD","kʰ","∅","ɾ","ə̃"
433,"Canela-Krahô","COLD","kʰ","∅","ɾ","ɨ"
434,"Canela-Krahô","HOLE","kʰ","∅","ɾ","ɛ"
435,"Canela-Krahô","BE SITTING (PLURAL)","kʰ","∅","ɾ","ĩ"
436,"Canela-Krahô","SNAKE","k","a","ŋ","ə̃"
437,"Canela-Krahô","LIQUID","k","a","k","ɔ"
438,"Canela-Krahô","DRY","k","∅","ɾ","ə"
439,"Canela-Krahô","EGG","k","∅","ɾ","ɛ"
440,"Canela-Krahô","VAGINA","k","∅","ɾ","ɛ"
441,"Canela-Krahô","DANCE","k","∅","ɾ","ɛ"
442,"Canela-Krahô","SING","k","∅","ɾ","ɛ"
443,"Canela-Krahô","ROAST (PLURAL)","c","ə","ɾ","∅"
444,"Canela-Krahô","SLEEP","ŋ","õ","ɾ","∅"
445,"Gavião-Pyhcopji","FARM","p","o̤","r","∅"
446,"Gavião-Pyhcopji","FISH","∅","aː","p","i"
447,"Gavião-Pyhcopji","POUR","k","aː","p","ẽ̤"
448,"Gavião-Pyhcopji","PATH","p","∅","r","ə̤ː"
449,"Gavião-Pyhcopji","COVER","p","∅","r","o:"
450,"Gavião-Pyhcopji","WIFE","p","∅","r","õ"
451,"Gavião-Pyhcopji","MACAW","p","ə","n","∅"
452,"Gavião-Pyhcopji","SUN","p","ə̤","t","∅"
453,"Gavião-Pyhcopji","GO (PLURAL)","m","õ","r","∅"
454,"Gavião-Pyhcopji","SEE","p","o̤","p","o̤"
455,"Gavião-Pyhcopji","NECK","p","o̤","t","∅"
456,"Gavião-Pyhcopji","GOOD","p","e","s","∅"
457,"Gavião-Pyhcopji","HONEY","p","e","n","∅"
458,"Gavião-Pyhcopji","THROW","m","ẽ","n","∅"
459,"Gavião-Pyhcopji","WALK (SINGULAR)","p","∅","r","aː"
460,"Gavião-Pyhcopji","THROW (SINGULAR)","k","a","p","a"
461,"Gavião-Pyhcopji","WHISTLE","kʰ","ə","r","∅"
462,"Gavião-Pyhcopji","NON-INDIGENOUS","k","o̤","p","ẽ"
463,"Gavião-Pyhcopji","SCRATCH","p","i","n","∅"
464,"Gavião-Pyhcopji","BLOW","∅","aː","p","i"
465,"Gavião-Pyhcopji","MOVE UP","∅","aː","p","e̤"
466,"Gavião-Pyhcopji","KILL (SINGULAR)","p","ẽ̤","r","∅"
467,"Gavião-Pyhcopji","DIE","t","ə̤","k","∅"
468,"Gavião-Pyhcopji","GO OUT","k","a","t","o"
469,"Gavião-Pyhcopji","BE BORN","k","a","t","o"
470,"Gavião-Pyhcopji","PISS","t","o̤","r","∅"
471,"Gavião-Pyhcopji","ROTTEN","t","õ̤","m","∅"
472,"Gavião-Pyhcopji","GO (SINGULAR)","t","ẽ̤","m","∅"
473,"Gavião-Pyhcopji","BURN","c","i","t","∅"
474,"Gavião-Pyhcopji","SQUEEZE","j","a","t","i"
475,"Gavião-Pyhcopji","ALL","k","o̤","n","ẽ̤"
476,"Gavião-Pyhcopji","WING","j","a","r","aː"
477,"Gavião-Pyhcopji","IMAGE","k","a","r","õː"
478,"Gavião-Pyhcopji","SPIRIT","k","a","r","õː"
479,"Gavião-Pyhcopji","THROW (PLURAL)","r","ẽ","n","∅"
480,"Gavião-Pyhcopji","TELL","j","ãː","r","ẽ"
481,"Gavião-Pyhcopji","LOOK","r","ẽ̤","t","∅"
482,"Gavião-Pyhcopji","BASKET","kʰ","əː","h","əː"
483,"Gavião-Pyhcopji","BIG BIRD","h","ə","k","∅"
484,"Gavião-Pyhcopji","FALCON","h","ə","k","∅"
485,"Gavião-Pyhcopji","FIRE","k","o̤","h","ə̤"
486,"Gavião-Pyhcopji","PAINT","h","u","k","∅"
487,"Gavião-Pyhcopji","CHILD","j","aː","h","i"
488,"Gavião-Pyhcopji","LIE","h","i","s","∅"
489,"Gavião-Pyhcopji","BITE","c","a","r","∅"
490,"Gavião-Pyhcopji","HANG (SINGULAR)","c","u","r","∅"
491,"Gavião-Pyhcopji","ENTER (SINGULAR)","∅","aː","c","ə"
492,"Gavião-Pyhcopji","BE SEATED (SINGULAR)","j","ə̃","̤r","∅"
493,"Gavião-Pyhcopji","TOOTH","c","∅","w","aː"
494,"Gavião-Pyhcopji","PLACE LAYING DOWN (SINGULAR)","c","e̤","r","∅"
495,"Gavião-Pyhcopji","SWEET POTATO","j","ə","t","∅"
496,"Gavião-Pyhcopji","WHO","j","õ̤","m","∅"
497,"Gavião-Pyhcopji","SING (BIRDS)","kʰ","ə","r","∅"
498,"Gavião-Pyhcopji","AXE","kʰ","ə","s","∅"
499,"Gavião-Pyhcopji","KNIFE","kʰ","ə","s","∅"
500,"Gavião-Pyhcopji","DRINK","kʰ","õ","m","∅"
501,"Gavião-Pyhcopji","THIRST","kʰ","u","ɾ","∅"
502,"Gavião-Pyhcopji","EAT (PLURAL)","kʰ","ɔ̤","ɾ","∅"
503,"Gavião-Pyhcopji","STONE","kʰ","ẽ","n","∅"
504,"Gavião-Pyhcopji","HAPPY","kʰ","ɛ̤̃","n","∅"
505,"Gavião-Pyhcopji","LIKE","kʰ","ɛ̤̃","n","∅"
506,"Gavião-Pyhcopji","HEAD","kʰ","∅","ɾ","ə̃"
507,"Gavião-Pyhcopji","COLD","kʰ","∅","ɾ","ə̤"
508,"Gavião-Pyhcopji","HOLE","kʰ","∅","ɾ","ɛː"
509,"Gavião-Pyhcopji","BE SITTING (PLURAL)","kʰ","∅","ɾ","ɛ̤̃"
510,"Gavião-Pyhcopji","SNAKE","k","a","ŋ/g","ə̃"
511,"Gavião-Pyhcopji","LIQUID","k","a","k","u"
512,"Gavião-Pyhcopji","DRY","k","∅","ɾ","əː"
513,"Gavião-Pyhcopji","EGG","k","∅","ɾ","ɛ"
514,"Gavião-Pyhcopji","VAGINA","k","∅","ɾ","ɛ"
515,"Gavião-Pyhcopji","DANCE","k","∅","ɾ","ɛː"
516,"Gavião-Pyhcopji","SING","k","∅","ɾ","ɛː"
517,"Gavião-Pyhcopji","ROAST (PLURAL)","c","ə","ɾ","∅"
518,"Gavião-Pyhcopji","SLEEP","ŋ/g","õ","ɾ","∅"
NA,"AllMissing","FARM",NA,NA,NA,NA
NA,"AllMissing","FISH",NA,NA,NA,NA
NA,"AllMissing","POUR",NA,NA,NA,NA
NA,"AllMissing","PATH",NA,NA,NA,NA
NA,"AllMissing","COVER",NA,NA,NA,NA
NA,"AllMissing","WIFE",NA,NA,NA,NA
NA,"AllMissing","MACAW",NA,NA,NA,NA
NA,"AllMissing","SUN",NA,NA,NA,NA
NA,"AllMissing","GO (PLURAL)",NA,NA,NA,NA
NA,"AllMissing","SEE",NA,NA,NA,NA
NA,"AllMissing","NECK",NA,NA,NA,NA
NA,"AllMissing","GOOD",NA,NA,NA,NA
NA,"AllMissing","HONEY",NA,NA,NA,NA
NA,"AllMissing","THROW",NA,NA,NA,NA
NA,"AllMissing","WALK (SINGULAR)",NA,NA,NA,NA
NA,"AllMissing","THROW (SINGULAR)",NA,NA,NA,NA
NA,"AllMissing","WHISTLE",NA,NA,NA,NA
NA,"AllMissing","NON-INDIGENOUS",NA,NA,NA,NA
NA,"AllMissing","SCRATCH",NA,NA,NA,NA
NA,"AllMissing","BLOW",NA,NA,NA,NA
NA,"AllMissing","MOVE UP",NA,NA,NA,NA
NA,"AllMissing","KILL (SINGULAR)",NA,NA,NA,NA
NA,"AllMissing","DIE",NA,NA,NA,NA
NA,"AllMissing","GO OUT",NA,NA,NA,NA
NA,"AllMissing","BE BORN",NA,NA,NA,NA
NA,"AllMissing","PISS",NA,NA,NA,NA
NA,"AllMissing","ROTTEN",NA,NA,NA,NA
NA,"AllMissing","GO (SINGULAR)",NA,NA,NA,NA
NA,"AllMissing","BURN",NA,NA,NA,NA
NA,"AllMissing","SQUEEZE",NA,NA,NA,NA
NA,"AllMissing","ALL",NA,NA,NA,NA
NA,"AllMissing","WING",NA,NA,NA,NA
NA,"AllMissing","IMAGE",NA,NA,NA,NA
NA,"AllMissing","SPIRIT",NA,NA,NA,NA
NA,"AllMissing","THROW (PLURAL)",NA,NA,NA,NA
NA,"AllMissing","TELL",NA,NA,NA,NA
NA,"AllMissing","LOOK",NA,NA,NA,NA
NA,"AllMissing","BASKET",NA,NA,NA,NA
NA,"AllMissing","BIG BIRD",NA,NA,NA,NA
NA,"AllMissing","FALCON",NA,NA,NA,NA
NA,"AllMissing","FIRE",NA,NA,NA,NA
NA,"AllMissing","PAINT",NA,NA,NA,NA
NA,"AllMissing","CHILD",NA,NA,NA,NA
NA,"AllMissing","LIE",NA,NA,NA,NA
NA,"AllMissing","BITE",NA,NA,NA,NA
NA,"AllMissing","HANG (SINGULAR)",NA,NA,NA,NA
NA,"AllMissing","ENTER (SINGULAR)",NA,NA,NA,NA
NA,"AllMissing","BE SEATED (SINGULAR)",NA,NA,NA,NA
NA,"AllMissing","TOOTH",NA,NA,NA,NA
NA,"AllMissing","PLACE LAYING DOWN (SINGULAR)",NA,NA,NA,NA
NA,"AllMissing","SWEET POTATO",NA,NA,NA,NA
NA,"AllMissing","WHO",NA,NA,NA,NA
NA,"AllMissing","SING (BIRDS)",NA,NA,NA,NA
NA,"AllMissing","AXE",NA,NA,NA,NA
NA,"AllMissing","KNIFE",NA,NA,NA,NA
NA,"AllMissing","DRINK",NA,NA,NA,NA
NA,"AllMissing","THIRST",NA,NA,NA,NA
NA,"AllMissing","EAT (PLURAL)",NA,NA,NA,NA
NA,"AllMissing","STONE",NA,NA,NA,NA
NA,"AllMissing","HAPPY",NA,NA,NA,NA
NA,"AllMissing","LIKE",NA,NA,NA,NA
NA,"AllMissing","HEAD",NA,NA,NA,NA
NA,"AllMissing","COLD",NA,NA,NA,NA
NA,"AllMissing","HOLE",NA,NA,NA,NA
NA,"AllMissing","BE SITTING (PLURAL)",NA,NA,NA,NA
NA,"AllMissing","SNAKE",NA,NA,NA,NA
NA,"AllMissing","LIQUID",NA,NA,NA,NA
NA,"AllMissing","DRY",NA,NA,NA,NA
NA,"AllMissing","EGG",NA,NA,NA,NA
NA,"AllMissing","VAGINA",NA,NA,NA,NA
NA,"AllMissing","DANCE",NA,NA,NA,NA
NA,"AllMissing","SING",NA,NA,NA,NA
NA,"AllMissing","ROAST (PLURAL)",NA,NA,NA,NA
NA,"AllMissing","SLEEP",NA,NA,NA,NA
