english,idlang,language,handshape,twohands,handpart,pmv,mmvrepeated,dmvhandshape,dmvorientation,compound,domhand,twohandsC,TwoH,PoA,PoA2,Mov,Mov2,Mov3,Mov4,Compounds
all,7,Japanese,5,false,palm,X_left,false,false,false,false,right,false,0,Horizontal,Horizontal,X_left,X_left,X_left false false,X_left,0
animal,7,Japanese,5_nb,false,tip,NA,false,false,true,false,right,false,0,Horizontal,Horizontal,false true,Or_Change,false true,Or,0
bad,7,Japanese,1,false,radial_side,Y_down,false,false,true,false,right,false,0,nose,head,Y_down,Y_down,Y_down false true,Y_down_Or,0
because,7,Japanese,L_enb,true,tip,Z_front,false,false,false,false,right,false,1,Vertical,Vertical,Z_front,Z_front,Z_front false false,Z_front,0
bird,7,Japanese,L,false,back_of_palm,NA,true,true,false,false,right,false,0,mouth,head,true false,Hs_Change,true false,Hs,0
black,7,Japanese,E,false,finger_fronts,X_left,false,true,false,false,right,false,0,forehead,head,X_left,X_left,X_left true false,X_left_Hs,0
blood,7,Japanese,I,false,tip,Z_front,false,false,false,false,right,false,0,forearm_front,arm,Z_front,Z_front,Z_front false false,Z_front,0
boring,7,Japanese,M_enb,false,tip,X_right,true,false,false,false,right,false,0,forehead,head,X_right,X_right,X_right false false,X_right,0
brother,7,Japanese,M,false,finger_fronts,Y_up,false,false,false,false,right,false,0,Vertical,Vertical,Y_up,Y_up,Y_up false false,Y_up,0
bug,7,Japanese,1,false,tip,X_right,true,true,false,false,right,false,0,Horizontal,Horizontal,X_right,X_right,X_right true false,X_right_Hs,0
cat,7,Japanese,S_b,false,radial_side,Y_down,true,false,true,false,right,false,0,cheek,head,Y_down,Y_down,Y_down false true,Y_down_Or,0
child,7,Japanese,E,false,palm,X_left,false,false,false,false,right,false,0,Horizontal,Horizontal,X_left,X_left,X_left false false,X_left,0
correct,7,Japanese,1_b,true,tip,Y_up,false,false,false,false,right,false,1,Torso_mid,torso,Y_up,Y_up,Y_up false false,Y_up,0
count,7,Japanese,6,true,ulnar_side,X_right,true,false,false,false,right,false,1,Vertical,Vertical,X_right,X_right,X_right false false,X_right,0
dance,7,Japanese,V,false,tip,NA,true,false,true,false,right,false,0,Lateral,Lateral,false true,Or_Change,false true,Or,0
day,7,Japanese,B,false,back_of_palm,Y_up,false,false,false,false,right,false,0,Lateral,Lateral,Y_up,Y_up,Y_up false false,Y_up,0
die,7,Japanese,E,true,palm,X_right,false,false,true,false,right,false,1,Lateral,Lateral,X_right,X_right,X_right false true,X_right_Or,0
dirty,7,Japanese,L_b,false,tip,Z_back,false,false,false,false,right,false,0,nose,head,Z_back,Z_back,Z_back false false,Z_back,0
dog,7,Japanese,E,true,radial_side,NA,false,true,false,false,right,false,1,Lateral,Lateral,true false,Hs_Change,true false,Hs,0
dry,7,Japanese,5_b,true,back_of_palm,Y_up,false,true,false,false,right,false,1,Horizontal,Horizontal,Y_up,Y_up,Y_up true false,Y_up_Hs,0
dust,7,Japanese,5_b,true,tip,X_right,false,true,false,false,right,false,1,Horizontal,Horizontal,X_right,X_right,X_right true false,X_right_Hs,0
earth,7,Japanese,5_nb,true,tip,Y_down,false,false,false,false,right,false,1,Lateral,Lateral,Y_down,Y_down,Y_down false false,Y_down,0
egg,7,Japanese,E_nb,true,back_of_fingers,Z_front,false,false,true,false,right,false,1,Vertical,Vertical,Z_front,Z_front,Z_front false true,Z_front_Or,0
father,7,Japanese,1,false,finger_fronts,X_right,false,true,false,false,right,false,0,cheek,head,X_right,X_right,X_right true false,X_right_Hs,1
fire,7,Japanese,5,false,palm,Y_up,false,false,true,false,right,false,0,Lateral,Lateral,Y_up,Y_up,Y_up false true,Y_up_Or,0
fish,7,Japanese,E,false,finger_fronts,X_right,false,false,false,false,right,false,0,Vertical,Vertical,X_right,X_right,X_right false false,X_right,0
flower,7,Japanese,E_bnb,true,tip,NA,false,true,true,false,right,false,1,Lateral,Lateral,true true,Or_HS_Change,true true,Hs_Or,0
full,7,Japanese,5,true,palm,X_left,false,false,false,false,right,false,1,Vertical,Vertical,X_left,X_left,X_left false false,X_left,0
good,7,Japanese,S,false,radial_side,Z_front,false,false,false,false,right,false,0,nose,head,Z_front,Z_front,Z_front false false,Z_front,0
grass,7,Japanese,5,true,finger_fronts,X_left,true,false,false,false,right,false,1,Vertical,Vertical,X_left,X_left,X_left false false,X_left,0
grease,7,Japanese,E_b,false,finger_fronts,NA,false,true,false,false,right,false,0,Horizontal,Horizontal,true false,Hs_Change,true false,Hs,0
green,7,Japanese,5,true,finger_fronts,X_left,true,false,false,false,right,false,1,Vertical,Vertical,X_left,X_left,X_left false false,X_left,0
heavy,7,Japanese,5,true,back_of_palm,Y_down,false,false,false,false,right,false,1,Horizontal,Horizontal,Y_down,Y_down,Y_down false false,Y_down,0
how,7,Japanese,1,false,finger_fronts,X_right,true,false,false,true,right,false,0,Vertical,Vertical,X_right,X_right,X_right false false,X_right,1
husband,7,Japanese,A,false,back_of_palm,X_left,false,false,false,false,right,false,0,Lateral,Lateral,X_left,X_left,X_left false false,X_left,0
ice,7,Japanese,5_nb,false,tip,Z_front,true,false,false,false,right,false,0,palm,hand,Z_front,Z_front,Z_front false false,Z_front,0
if,7,Japanese,L,false,tip,Y_down,false,true,false,false,right,false,0,cheek,head,Y_down,Y_down,Y_down true false,Y_down_Hs,0
kill,7,Japanese,S_b,true,radial_side,Z_front,false,false,false,false,right,false,1,Horizontal,Horizontal,Z_front,Z_front,Z_front false false,Z_front,0
laugh,7,Japanese,E,true,finger_fronts,X_left,false,true,false,false,right,false,1,Lateral,Lateral,X_left,X_left,X_left true false,X_left_Hs,0
leaf,7,Japanese,L_nb,true,tip,X_left,false,true,false,false,right,false,1,Lateral,Lateral,X_left,X_left,X_left true false,X_left_Hs,0
lie,7,Japanese,1,false,tip,Z_back,false,false,false,false,right,false,0,cheek,head,Z_back,Z_back,Z_back false false,Z_back,0
live,7,Japanese,L,true,finger_fronts,X_left,true,false,false,false,right,false,1,Vertical,Vertical,X_left,X_left,X_left false false,X_left,0
long,7,Japanese,1_b,true,tip,X_left,false,false,false,false,right,false,1,Lateral,Lateral,X_left,X_left,X_left false false,X_left,0
look_for,7,Japanese,L_enb,false,radial_side,X_left,true,false,false,false,right,false,0,Vertical,Vertical,X_left,X_left,X_left false false,X_left,0
man,7,Japanese,A,true,radial_side,Z_front,false,false,false,false,right,false,1,Lateral,Lateral,Z_front,Z_front,Z_front false false,Z_front,0
meat,7,Japanese,L_eb,false,tip,Z_front,false,false,false,false,right,false,0,Horizontal,Horizontal,Z_front,Z_front,Z_front false false,Z_front,0
moon,7,Japanese,L_b,false,ulnar_side,Y_down,false,true,false,false,right,false,0,Vertical,Vertical,Y_down,Y_down,Y_down true false,Y_down_Hs,0
mother,7,Japanese,J,false,tip,X_right,false,false,false,false,right,false,0,cheek,head,X_right,X_right,X_right false false,X_right,1
mountain,7,Japanese,E,true,tip,X_left,false,false,false,false,right,false,1,Horizontal,Horizontal,X_left,X_left,X_left false false,X_left,0
name,7,Japanese,A,false,tip,X_right,true,false,false,false,right,false,0,palm,hand,X_right,X_right,X_right false false,X_right,0
narrow,7,Japanese,B,true,palm,X_right,false,false,false,false,right,false,1,Lateral,Lateral,X_right,X_right,X_right false false,X_right,0
new,7,Japanese,E_bnb,true,tip,Z_front,false,true,false,false,right,false,1,Vertical,Vertical,Z_front,Z_front,Z_front true false,Z_front_Hs,0
night,7,Japanese,5,true,palm,X_right,false,false,false,false,right,false,1,Vertical,Vertical,X_right,X_right,X_right false false,X_right,0
not,7,Japanese,E_b,false,finger_fronts,Z_front,false,false,false,false,right,false,0,palm,hand,Z_front,Z_front,Z_front false false,Z_front,0
old,7,Japanese,1,false,tip,Y_down,false,true,false,false,right,false,0,Lateral,Lateral,Y_down,Y_down,Y_down true false,Y_down_Hs,0
other,7,Japanese,4,false,finger_fronts,Z_front,false,false,false,false,right,false,0,finger_fronts,hand,Z_front,Z_front,Z_front false false,Z_front,0
person,7,Japanese,1,false,tip,Y_down,false,false,false,false,right,false,0,Vertical,Vertical,Y_down,Y_down,Y_down false false,Y_down,0
pig,7,Japanese,U,false,tip,Z_back,false,false,false,false,right,false,0,nose,head,Z_back,Z_back,Z_back false false,Z_back,0
play,7,Japanese,S,true,ulnar_side,Y_down,false,false,false,false,right,false,1,Horizontal,Horizontal,Y_down,Y_down,Y_down false false,Y_down,0
rain,7,Japanese,5,true,tip,Y_down,true,false,false,false,right,false,1,Horizontal,Horizontal,Y_down,Y_down,Y_down false false,Y_down,0
red,7,Japanese,1,false,tip,X_left,false,false,false,false,right,false,0,mouth,head,X_left,X_left,X_left false false,X_left,0
river,7,Japanese,6,false,finger_fronts,X_right,false,false,false,false,right,false,0,Lateral,Lateral,X_right,X_right,X_right false false,X_right,0
salt,7,Japanese,I,false,tip,Z_back,false,false,false,false,right,false,0,mouth,head,Z_back,Z_back,Z_back false false,Z_back,1
sea,7,Japanese,I,false,tip,Z_back,false,false,false,false,right,false,0,mouth,head,Z_back,Z_back,Z_back false false,Z_back,1
sharp,7,Japanese,L_b,false,radial_side,X_left,false,true,false,false,right,false,0,tip,hand,X_left,X_left,X_left true false,X_left_Hs,0
short,7,Japanese,L_b,true,tip,X_right,false,false,false,false,right,false,1,Lateral,Lateral,X_right,X_right,X_right false false,X_right,0
singing,7,Japanese,H,true,finger_fronts,Z_front,true,false,false,false,right,false,1,Vertical,Vertical,Z_front,Z_front,Z_front false false,Z_front,0
sister,7,Japanese,I,false,tip,Y_down,true,false,false,false,right,false,0,Vertical,Vertical,Y_down,Y_down,Y_down false false,Y_down,0
sit,7,Japanese,V_nb,false,tip,Y_down,false,false,false,false,right,false,0,Horizontal,Horizontal,Y_down,Y_down,Y_down false false,Y_down,0
smooth,7,Japanese,E,false,radial_side,Y_down,false,false,false,false,right,false,0,cheek,head,Y_down,Y_down,Y_down false false,Y_down,0
snake,7,Japanese,S_b,false,back_of_palm,Z_front,false,false,false,false,right,false,0,Lateral,Lateral,Z_front,Z_front,Z_front false false,Z_front,0
snow,7,Japanese,L_enb,true,ulnar_side,Y_down,false,false,true,false,right,false,1,Horizontal,Horizontal,Y_down,Y_down,Y_down false true,Y_down_Or,0
stand,7,Japanese,V,false,tip,Y_down,false,false,false,false,right,false,0,Horizontal,Horizontal,Y_down,Y_down,Y_down false false,Y_down,0
star,7,Japanese,E_bnb,false,tip,X_left,true,true,false,false,right,false,0,Lateral,Lateral,X_left,X_left,X_left true false,X_left_Hs,0
stone,7,Japanese,S,false,back_of_fingers,Y_up,false,false,false,false,right,false,0,below_chin,head,Y_up,Y_up,Y_up false false,Y_up,0
string,7,Japanese,1,false,finger_fronts,Y_down,false,false,false,false,right,false,0,Lateral,Lateral,Y_down,Y_down,Y_down false false,Y_down,0
sun,7,Japanese,L,true,tip,Y_up,false,false,false,false,right,false,1,Horizontal,Horizontal,Y_up,Y_up,Y_up false false,Y_up,1
thin,7,Japanese,E,true,palm,Y_down,false,false,false,false,right,false,1,Lateral,Lateral,Y_down,Y_down,Y_down false false,Y_down,0
tree,7,Japanese,L_nb,true,radial_side,Y_up,false,false,true,false,right,false,1,Horizontal,Horizontal,Y_up,Y_up,Y_up false true,Y_up_Or,0
vomit,7,Japanese,E_bnb,false,finger_fronts,Z_front,false,true,false,false,right,false,0,mouth,head,Z_front,Z_front,Z_front true false,Z_front_Hs,0
warm,7,Japanese,5,true,finger_fronts,Z_back,true,false,true,false,right,false,1,Vertical,Vertical,Z_back,Z_back,Z_back false true,Z_back_Or,0
water,7,Japanese,5,false,tip,X_left,false,false,true,false,right,false,0,Lateral,Lateral,X_left,X_left,X_left false true,X_left_Or,0
wet,7,Japanese,E,true,finger_fronts,X_left,false,true,false,false,right,false,1,Horizontal,Horizontal,X_left,X_left,X_left true false,X_left_Hs,0
what,7,Japanese,1,false,finger_fronts,X_right,true,false,false,false,right,false,0,Vertical,Vertical,X_right,X_right,X_right false false,X_right,0
when,7,Japanese,5,true,tip,NA,true,true,false,false,right,false,1,Vertical,Vertical,true false,Hs_Change,true false,Hs,0
where,7,Japanese,1,false,finger_fronts,X_right,false,false,false,false,right,false,0,Vertical,Vertical,X_right,X_right,X_right false false,X_right,1
white,7,Japanese,1_nb,false,tip,X_left,false,false,false,false,right,false,0,mouth,head,X_left,X_left,X_left false false,X_left,0
who,7,Japanese,B_b,false,back_of_fingers,Z_front,true,false,false,false,right,false,0,cheek,head,Z_front,Z_front,Z_front false false,Z_front,0
wide,7,Japanese,E,true,back_of_palm,X_left,false,false,false,false,right,false,1,Lateral,Lateral,X_left,X_left,X_left false false,X_left,0
wife,7,Japanese,I,false,radial_side,X_left,false,false,false,false,right,false,0,Lateral,Lateral,X_left,X_left,X_left false false,X_left,0
wind,7,Japanese,5,true,palm,X_right,true,false,false,false,right,false,1,Vertical,Vertical,X_right,X_right,X_right false false,X_right,0
with,7,Japanese,L,true,finger_fronts,X_right,false,false,false,false,right,false,1,Horizontal,Horizontal,X_right,X_right,X_right false false,X_right,0
woman,7,Japanese,I,true,finger_fronts,Z_back,false,false,true,false,right,false,1,Vertical,Vertical,Z_back,Z_back,Z_back false true,Z_back_Or,0
wood,7,Japanese,L,true,radial_side,Y_up,false,false,true,false,right,false,1,Horizontal,Horizontal,Y_up,Y_up,Y_up false true,Y_up_Or,0
work,7,Japanese,B_b,true,palm,X_right,true,false,false,false,right,false,1,Horizontal,Horizontal,X_right,X_right,X_right false false,X_right,0
worm,7,Japanese,1,false,tip,X_right,false,false,false,false,left,false,0,Horizontal,Horizontal,X_right,X_right,X_right false false,X_right,0
year,7,Japanese,1,false,tip,Z_front,false,false,false,false,left,false,0,finger_fronts,hand,Z_front,Z_front,Z_front false false,Z_front,0
yellow,7,Japanese,L,false,tip,NA,true,true,false,false,right,false,0,Lateral,Lateral,true false,Hs_Change,true false,Hs,0
all,35,Chinese,S,false,back_of_fingers,Y_up,false,false,true,false,right,false,0,Lateral,Lateral,Y_up,Y_up,Y_up false true,Y_up_Or,1
animal,35,Chinese,S,false,finger_fronts,Z_back,true,false,false,false,right,false,0,Lateral,Lateral,Z_back,Z_back,Z_back false false,Z_back,1
bad,35,Chinese,I,false,ulnar_side,Z_front,false,false,false,false,right,false,0,Vertical,Vertical,Z_front,Z_front,Z_front false false,Z_front,0
because,35,Chinese,L_nb,false,tip,NA,false,false,true,false,right,false,0,Lateral,Lateral,false true,Or_Change,false true,Or,1
bird,35,Chinese,L_b,false,tip,NA,false,true,false,false,right,false,0,mouth,head,true false,Hs_Change,true false,Hs,0
black,35,Chinese,H,false,finger_fronts,Y_down,false,false,false,false,right,false,0,top,head,Y_down,Y_down,Y_down false false,Y_down,0
blood,35,Chinese,E,false,tip,Z_back,false,false,false,false,right,false,0,mouth,head,Z_back,Z_back,Z_back false false,Z_back,1
boring,35,Chinese,X,false,radial_side,NA,false,true,false,false,right,false,0,chin,head,true false,Hs_Change,true false,Hs,1
brother,35,Chinese,M,false,tip,Z_back,false,false,false,false,right,false,0,chin,head,Z_back,Z_back,Z_back false false,Z_back,1
bug,35,Chinese,E,false,palm,X_right,true,true,false,false,right,false,0,Lateral,Lateral,X_right,X_right,X_right true false,X_right_Hs,1
cat,35,Chinese,L_eb,false,tip,X_left,false,false,false,false,right,false,0,chin,head,X_left,X_left,X_left false false,X_left,0
child,35,Chinese,E,false,palm,Y_down,true,false,false,false,right,false,0,Horizontal,Horizontal,Y_down,Y_down,Y_down false false,Y_down,0
correct,35,Chinese,E,false,radial_side,Z_front,true,false,false,false,right,false,0,Vertical,Vertical,Z_front,Z_front,Z_front false false,Z_front,0
count,35,Chinese,E_b,false,back_of_fingers,X_right,true,false,false,false,right,false,0,Lateral,Lateral,X_right,X_right,X_right false false,X_right,0
dance,35,Chinese,Y,false,tip,X_right,true,false,false,false,right,false,0,Horizontal,Horizontal,X_right,X_right,X_right false false,X_right,0
day,35,Chinese,E,false,palm,Y_down,false,false,false,false,right,false,0,back_of_palm,hand,Y_down,Y_down,Y_down false false,Y_down,1
die,35,Chinese,Y,false,tip,X_left,false,false,true,false,right,false,0,Horizontal,Horizontal,X_left,X_left,X_left false true,X_left_Or,0
dirty,35,Chinese,I,false,tip,X_left,true,false,false,false,right,false,0,back_of_palm,hand,X_left,X_left,X_left false false,X_left,0
dog,35,Chinese,5_nb,false,tip,Y_down,true,false,false,false,right,false,0,Horizontal,Horizontal,Y_down,Y_down,Y_down false false,Y_down,0
dry,35,Chinese,1,false,finger_fronts,Y_down,false,false,false,false,right,false,0,finger_fronts,hand,Y_down,Y_down,Y_down false false,Y_down,0
dust,35,Chinese,U,false,finger_fronts,Y_down,false,false,false,false,right,false,0,cheek,head,Y_down,Y_down,Y_down false false,Y_down,1
earth,35,Chinese,1,false,tip,Y_down,false,false,false,false,right,false,0,Horizontal,Horizontal,Y_down,Y_down,Y_down false false,Y_down,1
egg,35,Chinese,3,false,tip,NA,false,false,true,false,right,false,0,Lateral,Lateral,false true,Or_Change,false true,Or,1
father,35,Chinese,A,false,radial_side,Z_back,false,false,false,false,right,false,0,mouth,head,Z_back,Z_back,Z_back false false,Z_back,0
feather,35,Chinese,5,false,finger_fronts,X_left,true,true,false,false,right,false,0,back_of_palm,hand,X_left,X_left,X_left true false,X_left_Hs,0
fire,35,Chinese,5,false,tip,Y_up,true,false,false,false,right,false,0,Horizontal,Horizontal,Y_up,Y_up,Y_up false false,Y_up,0
fish,35,Chinese,E,false,tip,X_left,false,false,true,false,right,false,0,Lateral,Lateral,X_left,X_left,X_left false true,X_left_Or,0
flower,35,Chinese,E_bnb,false,tip,NA,true,true,false,false,right,false,0,Horizontal,Horizontal,true false,Hs_Change,true false,Hs,0
full,35,Chinese,E,false,back_of_fingers,Y_up,false,false,false,false,right,false,0,below_chin,head,Y_up,Y_up,Y_up false false,Y_up,0
good,35,Chinese,A,false,back_of_palm,Z_front,false,false,false,false,right,false,0,Vertical,Vertical,Z_front,Z_front,Z_front false false,Z_front,0
grass,35,Chinese,E,false,palm,Y_up,true,false,false,false,right,false,0,Lateral,Lateral,Y_up,Y_up,Y_up false false,Y_up,0
grease,35,Chinese,1_b,false,tip,X_left,false,false,false,false,right,false,0,nose,head,X_left,X_left,X_left false false,X_left,1
green,35,Chinese,E_b,false,finger_fronts,Y_up,true,true,false,false,right,false,0,finger_fronts,hand,Y_up,Y_up,Y_up true false,Y_up_Hs,1
heavy,35,Chinese,E_b,false,back_of_palm,Y_down,false,false,false,false,right,false,0,Horizontal,Horizontal,Y_down,Y_down,Y_down false false,Y_down,0
how,35,Chinese,5,false,back_of_palm,NA,false,false,true,false,right,false,0,Horizontal,Horizontal,false true,Or_Change,false true,Or,0
husband,35,Chinese,A,false,tip,NA,false,true,false,false,right,false,0,Lateral,Lateral,true false,Hs_Change,true false,Hs,1
ice,35,Chinese,E_b,false,tip,X_right,true,false,false,false,right,false,0,Horizontal,Horizontal,X_right,X_right,X_right false false,X_right,0
if,35,Chinese,B_b,false,radial_side,Z_back,true,false,false,false,right,false,0,forehead,head,Z_back,Z_back,Z_back false false,Z_back,0
kill,35,Chinese,E,false,ulnar_side,X_left,false,false,false,false,right,false,0,radial_side,hand,X_left,X_left,X_left false false,X_left,0
laugh,35,Chinese,L_nb,false,tip,Y_down,true,false,false,false,right,false,0,mouth,head,Y_down,Y_down,Y_down false false,Y_down,0
leaf,35,Chinese,E_b,false,finger_fronts,Y_up,true,true,false,false,right,false,0,back_of_fingers,hand,Y_up,Y_up,Y_up true false,Y_up_Hs,0
lie,35,Chinese,E,false,radial_side,NA,false,true,false,false,right,false,0,chin,head,true false,Hs_Change,true false,Hs,1
live,35,Chinese,1,false,finger_fronts,Y_up,false,false,true,false,right,false,0,cheek,head,Y_up,Y_up,Y_up false true,Y_up_Or,0
long,35,Chinese,L,false,tip,X_left,false,false,false,false,right,false,0,palm,hand,X_left,X_left,X_left false false,X_left,0
look_for,35,Chinese,3_b,false,heel,X_left,false,false,true,false,right,false,0,Vertical,Vertical,X_left,X_left,X_left false true,X_left_Or,0
man,35,Chinese,E,false,palm,Z_back,true,false,false,false,right,false,0,top,head,Z_back,Z_back,Z_back false false,Z_back,0
meat,35,Chinese,A,false,finger_fronts,NA,false,true,false,false,right,false,0,ulnar_side,hand,true false,Hs_Change,true false,Hs,0
moon,35,Chinese,L,false,tip,Y_down,false,true,false,false,right,false,0,Vertical,Vertical,Y_down,Y_down,Y_down true false,Y_down_Hs,0
mother,35,Chinese,1,false,radial_side,Z_back,true,false,false,false,right,false,0,chin,head,Z_back,Z_back,Z_back false false,Z_back,0
mountain,35,Chinese,J,false,finger_fronts,Z_back,false,false,false,false,right,false,0,Vertical,Vertical,Z_back,Z_back,Z_back false false,Z_back,1
name,35,Chinese,1,false,tip,Y_down,true,false,false,false,right,false,0,tip,hand,Y_down,Y_down,Y_down false false,Y_down,0
narrow,35,Chinese,E,false,palm,X_right,false,false,false,false,right,false,0,Lateral,Lateral,X_right,X_right,X_right false false,X_right,0
new,35,Chinese,A,false,ulnar_side,X_left,false,false,false,false,right,false,0,back_of_palm,hand,X_left,X_left,X_left false false,X_left,0
night,35,Chinese,E,false,radial_side,X_right,false,true,false,false,right,false,0,forehead,head,X_right,X_right,X_right true false,X_right_Hs,0
not,35,Chinese,B,false,palm,NA,true,false,true,false,right,false,0,Vertical,Vertical,false true,Or_Change,false true,Or,0
old,35,Chinese,E,false,palm,Y_down,false,false,false,false,right,false,0,mouth,head,Y_down,Y_down,Y_down false false,Y_down,1
other,35,Chinese,1,false,tip,X_left,false,false,true,false,right,false,0,Vertical,Vertical,X_left,X_left,X_left false true,X_left_Or,0
person,35,Chinese,1,false,tip,X_right,false,false,false,false,right,false,0,tip,hand,X_right,X_right,X_right false false,X_right,0
pig,35,Chinese,E,false,radial_side,NA,false,true,false,false,right,false,0,forehead,head,true false,Hs_Change,true false,Hs,0
play,35,Chinese,B,false,palm,NA,false,false,true,false,right,false,0,Lateral,Lateral,false true,Or_Change,false true,Or,0
rain,35,Chinese,5_b,false,tip,Y_down,true,false,false,false,right,false,0,Horizontal,Horizontal,Y_down,Y_down,Y_down false false,Y_down,0
red,35,Chinese,H,false,finger_fronts,Z_back,false,false,false,false,right,false,0,mouth,head,Z_back,Z_back,Z_back false false,Z_back,0
river,35,Chinese,E,false,palm,Z_front,false,false,false,false,right,false,0,Horizontal,Horizontal,Z_front,Z_front,Z_front false false,Z_front,0
salt,35,Chinese,L_b,false,tip,Y_down,true,false,false,false,right,false,0,neck,torso,Y_down,Y_down,Y_down false false,Y_down,0
sea,35,Chinese,5,false,palm,X_left,true,false,true,false,right,false,0,Horizontal,Horizontal,X_left,X_left,X_left false true,X_left_Or,0
sharp,35,Chinese,L_b,false,finger_fronts,X_left,false,true,false,false,right,false,0,tip,hand,X_left,X_left,X_left true false,X_left_Hs,0
short,35,Chinese,B,false,palm,X_right,true,false,false,false,right,false,0,Lateral,Lateral,X_right,X_right,X_right false false,X_right,0
singing,35,Chinese,1_b,false,radial_side,Z_front,true,true,false,false,right,false,0,neck,torso,Z_front,Z_front,Z_front true false,Z_front_Hs,0
sister,35,Chinese,M,false,tip,Z_back,false,false,false,false,right,false,0,chin,head,Z_back,Z_back,Z_back false false,Z_back,1
sit,35,Chinese,Y,false,ulnar_side,Y_down,false,false,false,false,right,false,0,palm,hand,Y_down,Y_down,Y_down false false,Y_down,0
smooth,35,Chinese,E,false,palm,Z_front,false,false,false,false,right,false,0,palm,hand,Z_front,Z_front,Z_front false false,Z_front,0
snake,35,Chinese,H,false,heel,NA,false,false,true,false,right,false,0,chin,head,false true,Or_Change,false true,Or,0
snow,35,Chinese,5,false,finger_fronts,Y_down,true,true,false,false,right,false,0,Horizontal,Horizontal,Y_down,Y_down,Y_down true false,Y_down_Hs,0
stand,35,Chinese,H,false,tip,Y_down,false,false,false,false,right,false,0,palm,hand,Y_down,Y_down,Y_down false false,Y_down,0
star,35,Chinese,L_enb,false,radial_side,X_left,true,false,true,false,right,false,0,Vertical,Vertical,X_left,X_left,X_left false true,X_left_Or,0
stone,35,Chinese,H_nb,false,ulnar_side,NA,true,false,true,false,right,false,0,wrist_front,arm,false true,Or_Change,false true,Or,0
string,35,Chinese,1_b,false,tip,X_left,true,false,false,false,right,false,0,Lateral,Lateral,X_left,X_left,X_left false false,X_left,1
sun,35,Chinese,L,false,tip,X_left,false,false,false,false,right,false,0,Vertical,Vertical,X_left,X_left,X_left false false,X_left,0
tail,35,Chinese,1,false,heel,NA,true,true,false,false,right,false,0,ulnar_side,hand,true false,Hs_Change,true false,Hs,0
thin,35,Chinese,5,false,finger_fronts,Y_down,false,true,false,false,right,false,0,cheek,head,Y_down,Y_down,Y_down true false,Y_down_Hs,0
tree,35,Chinese,L,false,ulnar_side,Y_up,false,false,true,false,right,false,0,Horizontal,Horizontal,Y_up,Y_up,Y_up false true,Y_up_Or,0
vomit,35,Chinese,B_nb,false,palm,Z_front,true,false,false,false,right,false,0,mouth,head,Z_front,Z_front,Z_front false false,Z_front,0
warm,35,Chinese,5_nb,false,palm,Y_up,true,false,false,false,right,false,0,Horizontal,Horizontal,Y_up,Y_up,Y_up false false,Y_up,0
water,35,Chinese,1,false,finger_fronts,Z_back,false,false,false,false,right,false,0,mouth,head,Z_back,Z_back,Z_back false false,Z_back,0
wet,35,Chinese,V,false,back_of_fingers,Z_front,false,false,false,false,right,false,0,Vertical,Vertical,Z_front,Z_front,Z_front false false,Z_front,1
what,35,Chinese,1,false,finger_fronts,NA,true,false,true,false,right,false,0,Vertical,Vertical,false true,Or_Change,false true,Or,0
when,35,Chinese,L,false,finger_fronts,NA,true,false,true,false,right,false,0,Lateral,Lateral,false true,Or_Change,false true,Or,1
where,35,Chinese,1_nb,false,tip,X_left,true,false,true,false,right,false,0,Horizontal,Horizontal,X_left,X_left,X_left false true,X_left_Or,0
white,35,Chinese,E,false,palm,X_left,false,false,false,false,right,false,0,back_of_fingers,hand,X_left,X_left,X_left false false,X_left,1
who,35,Chinese,1,false,finger_fronts,NA,true,false,true,false,right,false,0,Vertical,Vertical,false true,Or_Change,false true,Or,1
wide,35,Chinese,E,false,palm,X_left,false,false,false,false,right,false,0,Lateral,Lateral,X_left,X_left,X_left false false,X_left,0
wife,35,Chinese,A,false,finger_fronts,NA,false,true,false,false,right,false,0,Lateral,Lateral,true false,Hs_Change,true false,Hs,1
wind,35,Chinese,5,false,palm,X_right,true,false,false,false,right,false,0,Lateral,Lateral,X_right,X_right,X_right false false,X_right,0
with,35,Chinese,E_b,false,palm,X_right,false,false,false,false,right,false,0,Lateral,Lateral,X_right,X_right,X_right false false,X_right,0
woman,35,Chinese,L_b,false,tip,X_right,true,false,false,false,right,false,0,cheek,head,X_right,X_right,X_right false false,X_right,0
wood,35,Chinese,L,false,tip,NA,false,false,true,false,right,false,0,Horizontal,Horizontal,false true,Or_Change,false true,Or,0
work,35,Chinese,S,false,ulnar_side,Y_down,true,false,false,false,right,false,0,radial_side,hand,Y_down,Y_down,Y_down false false,Y_down,0
worm,35,Chinese,1,false,finger_fronts,X_right,true,true,false,false,right,false,0,Horizontal,Horizontal,X_right,X_right,X_right true false,X_right_Hs,0
year,35,Chinese,1,false,finger_fronts,Y_down,false,false,false,false,right,false,0,back_of_fingers,hand,Y_down,Y_down,Y_down false false,Y_down,0
yellow,35,Chinese,H,false,finger_fronts,Y_down,true,false,false,false,right,false,0,cheek,head,Y_down,Y_down,Y_down false false,Y_down,1
all,50,Hongkong,E,true,palm,Y_down,false,false,false,false,right,false,1,Lateral,Lateral,Y_down,Y_down,Y_down false false,Y_down,0
animal,50,Hongkong,5_nb,true,back_of_fingers,Z_front,false,false,false,false,right,false,1,Horizontal,Horizontal,Z_front,Z_front,Z_front false false,Z_front,0
bad,50,Hongkong,I,false,back_of_palm,Z_front,true,false,false,false,right,false,0,Vertical,Vertical,Z_front,Z_front,Z_front false false,Z_front,0
because,50,Hongkong,E,false,radial_side,NA,false,false,true,false,right,false,0,palm,hand,false true,Or_Change,false true,Or,0
bird,50,Hongkong,L,false,back_of_palm,NA,true,true,false,false,right,true,0,mouth,head,true false,Hs_Change,true false,Hs,1
black,50,Hongkong,1,false,radial_side,Y_down,false,false,false,false,right,false,0,forehead,head,Y_down,Y_down,Y_down false false,Y_down,0
blood,50,Hongkong,1,false,finger_fronts,Y_down,false,false,false,false,right,false,0,mouth,head,Y_down,Y_down,Y_down false false,Y_down,0
boring,50,Hongkong,L,false,palm,Y_down,false,false,false,false,right,false,0,Torso_mid,torso,Y_down,Y_down,Y_down false false,Y_down,0
brother,50,Hongkong,M,false,tip,Z_back,false,false,false,false,right,false,0,chin,head,Z_back,Z_back,Z_back false false,Z_back,0
bug,50,Hongkong,1,false,tip,Z_front,true,true,false,false,right,false,0,Horizontal,Horizontal,Z_front,Z_front,Z_front true false,Z_front_Hs,0
cat,50,Hongkong,5,true,tip,X_left,true,true,false,false,right,false,1,chin,head,X_left,X_left,X_left true false,X_left_Hs,0
child,50,Hongkong,B,false,palm,Y_down,true,false,false,false,right,false,0,Horizontal,Horizontal,Y_down,Y_down,Y_down false false,Y_down,0
correct,50,Hongkong,A,false,palm,Z_front,false,false,false,false,right,false,0,Vertical,Vertical,Z_front,Z_front,Z_front false false,Z_front,0
count,50,Hongkong,4_nb,true,ulnar_side,X_right,true,false,false,false,right,false,1,Lateral,Lateral,X_right,X_right,X_right false false,X_right,0
dance,50,Hongkong,V,false,tip,NA,true,false,true,false,right,false,0,palm,hand,false true,Or_Change,false true,Or,0
day,50,Hongkong,1,false,finger_fronts,Z_front,false,false,false,false,right,false,0,eye,head,Z_front,Z_front,Z_front false false,Z_front,0
die,50,Hongkong,Y,false,back_of_palm,Y_down,false,false,true,false,right,false,0,Horizontal,Horizontal,Y_down,Y_down,Y_down false true,Y_down_Or,0
dirty,50,Hongkong,L,false,tip,NA,true,true,false,false,right,false,0,Horizontal,Horizontal,true false,Hs_Change,true false,Hs,0
dog,50,Hongkong,5_nb,true,tip,Y_down,true,false,false,false,right,false,1,Horizontal,Horizontal,Y_down,Y_down,Y_down false false,Y_down,0
dry,50,Hongkong,M_eb,false,tip,Z_front,false,true,false,false,right,false,0,neck,torso,Z_front,Z_front,Z_front true false,Z_front_Hs,0
earth,50,Hongkong,5_nb,false,tip,NA,false,false,true,false,right,false,0,Horizontal,Horizontal,false true,Or_Change,false true,Or,0
egg,50,Hongkong,L_nb,true,tip,NA,true,false,true,false,right,false,1,Lateral,Lateral,false true,Or_Change,false true,Or,0
father,50,Hongkong,A,false,radial_side,Z_back,true,false,false,false,right,false,0,chin,head,Z_back,Z_back,Z_back false false,Z_back,0
feather,50,Hongkong,5,false,palm,X_left,false,true,false,false,right,false,0,back_of_palm,hand,X_left,X_left,X_left true false,X_left_Hs,0
fire,50,Hongkong,5_nb,true,tip,Y_up,true,false,false,false,right,false,1,Horizontal,Horizontal,Y_up,Y_up,Y_up false false,Y_up,0
fish,50,Hongkong,E,false,radial_side,NA,true,true,false,false,right,false,0,ulnar_side,hand,true false,Hs_Change,true false,Hs,0
flower,50,Hongkong,E_bnb,false,palm,Y_up,false,true,false,false,right,false,0,Horizontal,Horizontal,Y_up,Y_up,Y_up true false,Y_up_Hs,0
full,50,Hongkong,5,false,palm,Z_back,true,false,false,false,right,false,0,Vertical,Vertical,Z_back,Z_back,Z_back false false,Z_back,0
good,50,Hongkong,A,false,back_of_fingers,Z_front,false,false,false,false,right,false,0,Vertical,Vertical,Z_front,Z_front,Z_front false false,Z_front,0
grass,50,Hongkong,V,true,tip,NA,true,true,false,false,right,false,1,Horizontal,Horizontal,true false,Hs_Change,true false,Hs,0
grease,50,Hongkong,L_b,false,tip,X_right,true,false,false,false,right,false,0,nose,head,X_right,X_right,X_right false false,X_right,0
green,50,Hongkong,V,false,tip,Y_down,false,true,false,false,right,false,0,Vertical,Vertical,Y_down,Y_down,Y_down true false,Y_down_Hs,0
heavy,50,Hongkong,5,true,back_of_palm,Y_down,false,false,false,false,right,false,1,Horizontal,Horizontal,Y_down,Y_down,Y_down false false,Y_down,0
how,50,Hongkong,5,true,back_of_palm,NA,true,false,true,false,right,false,1,Vertical,Vertical,false true,Or_Change,false true,Or,0
husband,50,Hongkong,A,true,finger_fronts,NA,false,true,false,false,right,false,1,Lateral,Lateral,true false,Hs_Change,true false,Hs,1
ice,50,Hongkong,A,false,back_of_fingers,X_right,false,false,false,false,right,false,0,cheek,head,X_right,X_right,X_right false false,X_right,0
if,50,Hongkong,5_b,false,back_of_fingers,NA,true,true,false,false,right,false,0,below_chin,head,true false,Hs_Change,true false,Hs,1
kill,50,Hongkong,B_b,false,ulnar_side,X_left,false,false,false,false,right,false,0,Horizontal,Horizontal,X_left,X_left,X_left false false,X_left,0
laugh,50,Hongkong,1_b,false,tip,NA,false,true,false,false,right,false,0,mouth,head,true false,Hs_Change,true false,Hs,0
leaf,50,Hongkong,E_b,false,finger_fronts,Y_up,false,true,false,false,right,false,0,back_of_fingers,hand,Y_up,Y_up,Y_up true false,Y_up_Hs,0
lie,50,Hongkong,E,false,back_of_fingers,Y_up,true,false,true,false,right,false,0,chin,head,Y_up,Y_up,Y_up false true,Y_up_Or,0
live,50,Hongkong,B,true,tip,X_right,false,false,false,false,right,false,1,Lateral,Lateral,X_right,X_right,X_right false false,X_right,0
long,50,Hongkong,1,true,tip,X_left,false,false,false,false,right,false,1,Lateral,Lateral,X_left,X_left,X_left false false,X_left,0
look_for,50,Hongkong,V,false,heel,Y_up,true,false,false,false,right,false,0,Vertical,Vertical,Y_up,Y_up,Y_up false false,Y_up,0
man,50,Hongkong,5,false,palm,Z_back,true,false,false,false,right,false,0,forehead,head,Z_back,Z_back,Z_back false false,Z_back,0
meat,50,Hongkong,L_b,false,tip,Y_down,false,false,false,false,right,false,0,Horizontal,Horizontal,Y_down,Y_down,Y_down false false,Y_down,0
moon,50,Hongkong,L,false,tip,Y_down,false,false,false,false,right,false,0,forehead,head,Y_down,Y_down,Y_down false false,Y_down,0
mother,50,Hongkong,1,false,radial_side,Z_back,true,false,false,false,right,false,0,mouth,head,Z_back,Z_back,Z_back false false,Z_back,0
mountain,50,Hongkong,B,false,palm,X_left,false,false,false,false,right,false,0,forehead,head,X_left,X_left,X_left false false,X_left,0
name,50,Hongkong,1,false,tip,Y_down,true,false,false,false,right,false,0,finger_fronts,hand,Y_down,Y_down,Y_down false false,Y_down,0
narrow,50,Hongkong,B,true,palm,X_right,false,false,false,false,right,false,1,Lateral,Lateral,X_right,X_right,X_right false false,X_right,0
new,50,Hongkong,L,false,tip,Z_front,false,false,true,false,right,false,0,nose,head,Z_front,Z_front,Z_front false true,Z_front_Or,0
night,50,Hongkong,E,false,radial_side,X_right,false,true,false,false,right,false,0,forehead,head,X_right,X_right,X_right true false,X_right_Hs,0
not,50,Hongkong,E,false,palm,X_left,false,false,false,false,right,false,0,Vertical,Vertical,X_left,X_left,X_left false false,X_left,0
old,50,Hongkong,S,false,back_of_fingers,Y_down,false,false,false,false,right,false,0,cheek,head,Y_down,Y_down,Y_down false false,Y_down,0
other,50,Hongkong,1,false,radial_side,X_left,false,false,true,false,right,false,0,Horizontal,Horizontal,X_left,X_left,X_left false true,X_left_Or,0
person,50,Hongkong,1,false,tip,X_right,false,false,false,false,right,false,0,finger_fronts,hand,X_right,X_right,X_right false false,X_right,0
pig,50,Hongkong,5_nb,false,tip,Z_back,false,false,false,false,right,false,0,nose,head,Z_back,Z_back,Z_back false false,Z_back,0
play,50,Hongkong,B_b,true,palm,NA,true,false,true,false,right,false,1,shoulder,torso,false true,Or_Change,false true,Or,0
rain,50,Hongkong,4_nb,true,palm,Y_down,true,false,false,false,right,false,1,Horizontal,Horizontal,Y_down,Y_down,Y_down false false,Y_down,0
red,50,Hongkong,1,false,tip,Y_down,true,false,false,false,right,false,0,mouth,head,Y_down,Y_down,Y_down false false,Y_down,0
river,50,Hongkong,6,false,heel,Y_down,false,false,true,false,right,false,0,Horizontal,Horizontal,Y_down,Y_down,Y_down false true,Y_down_Or,1
salt,50,Hongkong,5,false,tip,NA,true,true,false,false,right,false,0,mouth,head,true false,Hs_Change,true false,Hs,0
sea,50,Hongkong,5,true,tip,Z_front,true,false,false,false,right,false,1,Horizontal,Horizontal,Z_front,Z_front,Z_front false false,Z_front,0
sharp,50,Hongkong,L_b,false,tip,X_left,false,true,false,false,right,false,0,tip,hand,X_left,X_left,X_left true false,X_left_Hs,0
short,50,Hongkong,1,false,finger_fronts,X_right,false,false,false,false,right,false,0,Lateral,Lateral,X_right,X_right,X_right false false,X_right,0
singing,50,Hongkong,S,false,radial_side,X_right,true,false,false,false,right,false,0,mouth,head,X_right,X_right,X_right false false,X_right,0
sister,50,Hongkong,M,false,tip,Z_back,false,false,false,false,right,false,0,chin,head,Z_back,Z_back,Z_back false false,Z_back,1
sit,50,Hongkong,Y,false,ulnar_side,Y_down,false,false,false,false,right,false,0,palm,hand,Y_down,Y_down,Y_down false false,Y_down,0
smooth,50,Hongkong,E,false,finger_fronts,Z_front,false,false,false,false,right,false,0,elbow_front,arm,Z_front,Z_front,Z_front false false,Z_front,0
snake,50,Hongkong,V,false,heel,NA,false,false,true,false,right,false,0,mouth,head,false true,Or_Change,false true,Or,0
snow,50,Hongkong,A,false,back_of_fingers,X_right,false,false,false,false,right,false,0,cheek,head,X_right,X_right,X_right false false,X_right,1
stand,50,Hongkong,Y,false,tip,Y_down,false,false,false,false,right,false,0,palm,hand,Y_down,Y_down,Y_down false false,Y_down,0
star,50,Hongkong,L_enb,true,ulnar_side,X_right,true,false,false,false,right,false,1,Vertical,Vertical,X_right,X_right,X_right false false,X_right,0
stone,50,Hongkong,V,false,radial_side,Z_back,false,false,false,false,right,false,0,mouth,head,Z_back,Z_back,Z_back false false,Z_back,0
string,50,Hongkong,6,false,tip,X_left,false,false,false,false,right,false,0,Horizontal,Horizontal,X_left,X_left,X_left false false,X_left,0
sun,50,Hongkong,E_bnb,false,tip,X_right,true,true,false,false,right,false,0,Lateral,Lateral,X_right,X_right,X_right true false,X_right_Hs,0
tail,50,Hongkong,I,false,heel,NA,true,true,false,false,right,false,0,palm,hand,true false,Hs_Change,true false,Hs,0
thin,50,Hongkong,E,false,finger_fronts,Y_down,false,true,false,false,right,false,0,chin,head,Y_down,Y_down,Y_down true false,Y_down_Hs,0
tree,50,Hongkong,L,true,ulnar_side,Y_up,false,false,false,false,right,false,1,Horizontal,Horizontal,Y_up,Y_up,Y_up false false,Y_up,0
vomit,50,Hongkong,E,false,palm,Z_front,false,false,false,false,right,false,0,mouth,head,Z_front,Z_front,Z_front false false,Z_front,0
warm,50,Hongkong,E,true,finger_fronts,NA,true,false,true,false,right,false,1,shoulder,torso,false true,Or_Change,false true,Or,0
water,50,Hongkong,6,false,finger_fronts,Y_down,true,false,true,false,right,false,0,Vertical,Vertical,Y_down,Y_down,Y_down false true,Y_down_Or,0
wet,50,Hongkong,E,false,finger_fronts,X_left,true,true,false,false,right,false,0,Horizontal,Horizontal,X_left,X_left,X_left true false,X_left_Hs,0
what,50,Hongkong,1,false,finger_fronts,NA,true,false,true,false,right,false,0,Vertical,Vertical,false true,Or_Change,false true,Or,0
when,50,Hongkong,5,false,heel,NA,true,true,false,false,right,false,0,wrist_back,arm,true false,Hs_Change,true false,Hs,0
where,50,Hongkong,L_eb,false,ulnar_side,Y_down,false,false,false,false,right,false,0,palm,hand,Y_down,Y_down,Y_down false false,Y_down,1
white,50,Hongkong,E_bnb,false,tip,NA,true,true,false,false,right,false,0,Vertical,Vertical,true false,Hs_Change,true false,Hs,0
who,50,Hongkong,1,false,tip,X_right,false,false,false,false,right,false,0,forehead,head,X_right,X_right,X_right false false,X_right,1
wide,50,Hongkong,S,true,radial_side,X_left,false,false,false,false,right,false,1,Lateral,Lateral,X_left,X_left,X_left false false,X_left,0
wife,50,Hongkong,A,true,tip,NA,false,true,false,false,right,false,1,Lateral,Lateral,true false,Hs_Change,true false,Hs,1
wind,50,Hongkong,5,false,palm,NA,true,false,true,false,right,false,0,Lateral,Lateral,false true,Or_Change,false true,Or,0
with,50,Hongkong,U_b,false,finger_fronts,NA,false,true,false,false,right,false,0,back_of_fingers,hand,true false,Hs_Change,true false,Hs,0
woman,50,Hongkong,A,false,radial_side,Z_back,false,false,false,false,right,false,0,cheek,head,Z_back,Z_back,Z_back false false,Z_back,0
wood,50,Hongkong,1,false,finger_fronts,X_left,false,false,false,false,right,false,0,radial_side,hand,X_left,X_left,X_left false false,X_left,0
work,50,Hongkong,S,false,ulnar_side,Y_down,true,false,false,false,right,false,0,radial_side,hand,Y_down,Y_down,Y_down false false,Y_down,0
worm,50,Hongkong,1,false,finger_fronts,Z_front,true,true,false,false,right,false,0,Horizontal,Horizontal,Z_front,Z_front,Z_front true false,Z_front_Hs,0
year,50,Hongkong,5,false,palm,X_right,false,false,false,false,right,false,0,palm,hand,X_right,X_right,X_right false false,X_right,0
yellow,50,Hongkong,5_nb,false,tip,NA,false,false,true,false,right,false,0,Horizontal,Horizontal,false true,Or_Change,false true,Or,0
all,51,Taiwan,5,true,palm,Y_down,false,false,false,false,right,false,1,Lateral,Lateral,Y_down,Y_down,Y_down false false,Y_down,0
animal,51,Taiwan,S,true,back_of_fingers,Z_front,false,false,false,false,right,false,1,Lateral,Lateral,Z_front,Z_front,Z_front false false,Z_front,1
bad,51,Taiwan,S,false,heel,X_right,false,false,false,false,right,false,0,nose,head,X_right,X_right,X_right false false,X_right,0
because,51,Taiwan,L_eb,true,tip,Y_down,false,false,false,false,right,false,1,Lateral,Lateral,Y_down,Y_down,Y_down false false,Y_down,0
bird,51,Taiwan,L,false,back_of_palm,NA,true,true,false,false,right,false,0,mouth,head,true false,Hs_Change,true false,Hs,0
black,51,Taiwan,E,false,palm,Y_down,false,false,false,false,right,false,0,top,head,Y_down,Y_down,Y_down false false,Y_down,0
blood,51,Taiwan,A,false,back_of_fingers,Y_down,false,false,false,false,right,false,0,finger_fronts,hand,Y_down,Y_down,Y_down false false,Y_down,0
boring,51,Taiwan,E,true,tip,NA,true,true,false,false,right,false,1,Lateral,Lateral,true false,Hs_Change,true false,Hs,0
brother,51,Taiwan,M,false,tip,Y_up,false,false,false,false,right,false,0,cheek,head,Y_up,Y_up,Y_up false false,Y_up,1
bug,51,Taiwan,I,false,ulnar_side,X_right,true,true,false,false,right,false,0,Horizontal,Horizontal,X_right,X_right,X_right true false,X_right_Hs,0
cat,51,Taiwan,L_eb,true,radial_side,Z_front,true,false,false,false,right,false,1,cheek,head,Z_front,Z_front,Z_front false false,Z_front,0
child,51,Taiwan,5,true,back_of_palm,NA,true,false,true,false,right,false,1,shoulder,torso,false true,Or_Change,false true,Or,0
correct,51,Taiwan,1,false,finger_fronts,Y_down,false,false,false,false,right,false,0,finger_fronts,hand,Y_down,Y_down,Y_down false false,Y_down,0
count,51,Taiwan,E,false,tip,NA,true,false,true,false,right,false,0,palm,hand,false true,Or_Change,false true,Or,0
dance,51,Taiwan,5,true,palm,NA,true,false,true,false,right,false,1,shoulder,torso,false true,Or_Change,false true,Or,0
day,51,Taiwan,1,false,radial_side,Z_back,false,false,false,false,right,false,0,mouth,head,Z_back,Z_back,Z_back false false,Z_back,0
die,51,Taiwan,5,false,heel,NA,false,false,true,false,right,false,0,tip,hand,false true,Or_Change,false true,Or,0
dirty,51,Taiwan,1,false,finger_fronts,X_right,false,false,false,false,right,false,0,nose,head,X_right,X_right,X_right false false,X_right,0
dog,51,Taiwan,E,true,radial_side,NA,true,true,false,false,right,false,1,forehead,head,true false,Hs_Change,true false,Hs,0
dry,51,Taiwan,E,false,tip,Y_down,false,false,false,false,right,false,0,neck,torso,Y_down,Y_down,Y_down false false,Y_down,0
earth,51,Taiwan,5_b,true,tip,X_left,false,false,false,false,right,false,1,Horizontal,Horizontal,X_left,X_left,X_left false false,X_left,0
egg,51,Taiwan,5_b,false,tip,NA,true,false,true,false,right,false,0,Lateral,Lateral,false true,Or_Change,false true,Or,0
father,51,Taiwan,L,false,tip,X_left,false,true,false,false,right,false,0,cheek,head,X_left,X_left,X_left true false,X_left_Hs,0
fire,51,Taiwan,5,true,back_of_palm,Y_up,true,false,false,false,right,false,1,Horizontal,Horizontal,Y_up,Y_up,Y_up false false,Y_up,0
fish,51,Taiwan,E,false,tip,X_right,false,true,false,false,right,false,0,Lateral,Lateral,X_right,X_right,X_right true false,X_right_Hs,0
flower,51,Taiwan,E_bnb,false,back_of_palm,Y_up,false,true,false,false,right,false,0,Horizontal,Horizontal,Y_up,Y_up,Y_up true false,Y_up_Hs,0
full,51,Taiwan,E,false,palm,Z_front,false,false,false,false,right,false,0,radial_side,hand,Z_front,Z_front,Z_front false false,Z_front,0
good,51,Taiwan,S,false,radial_side,Z_back,false,false,false,false,right,false,0,nose,head,Z_back,Z_back,Z_back false false,Z_back,0
grass,51,Taiwan,5_b,true,tip,X_left,false,true,false,false,right,false,1,Horizontal,Horizontal,X_left,X_left,X_left true false,X_left_Hs,0
grease,51,Taiwan,U_nb,true,tip,Z_front,true,false,false,false,right,false,1,Lateral,Lateral,Z_front,Z_front,Z_front false false,Z_front,0
green,51,Taiwan,1,false,tip,NA,true,true,false,false,right,false,0,mouth,head,true false,Hs_Change,true false,Hs,0
heavy,51,Taiwan,E,true,back_of_fingers,Y_down,false,false,false,false,right,false,1,Horizontal,Horizontal,Y_down,Y_down,Y_down false false,Y_down,0
how,51,Taiwan,A,false,back_of_palm,NA,true,true,false,false,right,false,0,Horizontal,Horizontal,true false,Hs_Change,true false,Hs,0
husband,51,Taiwan,I,false,ulnar_side,X_right,false,false,false,false,right,false,0,radial_side,hand,X_right,X_right,X_right false false,X_right,0
ice,51,Taiwan,1,false,radial_side,X_left,false,false,true,false,right,false,0,mouth,head,X_left,X_left,X_left false true,X_left_Or,0
if,51,Taiwan,B_b,false,tip,NA,true,false,true,false,right,false,0,cheek,head,false true,Or_Change,false true,Or,0
kill,51,Taiwan,E,false,ulnar_side,Z_front,false,false,false,false,right,false,0,finger_fronts,hand,Z_front,Z_front,Z_front false false,Z_front,0
laugh,51,Taiwan,L,false,finger_fronts,Z_back,false,false,false,false,right,false,0,mouth,head,Z_back,Z_back,Z_back false false,Z_back,0
leaf,51,Taiwan,1,false,tip,NA,true,false,true,false,right,false,0,finger_fronts,hand,false true,Or_Change,false true,Or,0
lie,51,Taiwan,1_nb,false,tip,Z_back,true,false,false,false,right,false,0,cheek,head,Z_back,Z_back,Z_back false false,Z_back,0
live,51,Taiwan,S,false,back_of_fingers,Z_back,false,false,false,false,right,false,0,cheek,head,Z_back,Z_back,Z_back false false,Z_back,0
long,51,Taiwan,1_b,true,tip,X_left,false,false,false,false,right,false,1,Lateral,Lateral,X_left,X_left,X_left false false,X_left,0
look_for,51,Taiwan,L_enb,false,radial_side,X_right,true,false,false,false,right,false,0,eye,head,X_right,X_right,X_right false false,X_right,0
man,51,Taiwan,A,false,heel,X_right,true,false,false,false,right,false,0,Lateral,Lateral,X_right,X_right,X_right false false,X_right,0
meat,51,Taiwan,5_b,false,tip,Y_down,false,false,false,false,right,false,0,radial_side,hand,Y_down,Y_down,Y_down false false,Y_down,0
moon,51,Taiwan,L,false,tip,Y_down,false,false,false,false,right,false,0,Vertical,Vertical,Y_down,Y_down,Y_down false false,Y_down,0
mother,51,Taiwan,1,false,finger_fronts,X_right,false,false,false,false,right,false,0,cheek,head,X_right,X_right,X_right false false,X_right,1
mountain,51,Taiwan,E,false,palm,X_left,false,true,false,false,right,false,0,Horizontal,Horizontal,X_left,X_left,X_left true false,X_left_Hs,0
name,51,Taiwan,A,false,finger_fronts,X_right,false,false,false,false,right,false,0,palm,hand,X_right,X_right,X_right false false,X_right,1
narrow,51,Taiwan,E,true,palm,X_right,false,false,false,false,right,false,1,Lateral,Lateral,X_right,X_right,X_right false false,X_right,0
new,51,Taiwan,E_bnb,false,back_of_palm,Z_front,false,true,false,false,right,false,0,Horizontal,Horizontal,Z_front,Z_front,Z_front true false,Z_front_Hs,0
night,51,Taiwan,E,true,back_of_palm,X_right,false,false,false,false,right,false,1,forehead,head,X_right,X_right,X_right false false,X_right,0
not,51,Taiwan,5,false,palm,X_right,true,false,false,false,right,false,0,Vertical,Vertical,X_right,X_right,X_right false false,X_right,0
old,51,Taiwan,1,false,finger_fronts,Y_up,true,false,false,false,right,false,0,nose,head,Y_up,Y_up,Y_up false false,Y_up,0
other,51,Taiwan,E,false,back_of_fingers,X_left,false,false,false,false,right,false,0,back_of_fingers,hand,X_left,X_left,X_left false false,X_left,0
person,51,Taiwan,1,false,tip,Y_down,true,false,false,false,right,false,0,Vertical,Vertical,Y_down,Y_down,Y_down false false,Y_down,0
pig,51,Taiwan,Y,false,heel,Z_back,true,false,false,false,right,false,0,nose,head,Z_back,Z_back,Z_back false false,Z_back,0
play,51,Taiwan,1,true,heel,NA,true,false,true,false,right,false,1,forehead,head,false true,Or_Change,false true,Or,0
rain,51,Taiwan,5,true,tip,Y_down,true,false,false,false,right,false,1,Horizontal,Horizontal,Y_down,Y_down,Y_down false false,Y_down,0
red,51,Taiwan,1,false,tip,Y_down,false,false,false,false,right,false,0,mouth,head,Y_down,Y_down,Y_down false false,Y_down,0
river,51,Taiwan,E,false,back_of_fingers,X_left,false,false,false,false,right,false,0,upper,arm,X_left,X_left,X_left false false,X_left,0
salt,51,Taiwan,Y,false,tip,Z_back,true,false,false,false,right,false,0,mouth,head,Z_back,Z_back,Z_back false false,Z_back,0
sea,51,Taiwan,Y,false,tip,Z_back,false,false,false,false,right,false,0,mouth,head,Z_back,Z_back,Z_back false false,Z_back,1
short,51,Taiwan,1_b,true,tip,X_right,false,false,false,false,right,false,1,Lateral,Lateral,X_right,X_right,X_right false false,X_right,0
singing,51,Taiwan,5,false,back_of_palm,X_left,false,false,false,false,right,false,0,mouth,head,X_left,X_left,X_left false false,X_left,0
sit,51,Taiwan,V_nb,false,finger_fronts,Y_down,false,false,false,false,right,false,0,back_of_fingers,hand,Y_down,Y_down,Y_down false false,Y_down,0
snake,51,Taiwan,V,false,heel,NA,true,true,false,false,right,false,0,mouth,head,true false,Hs_Change,true false,Hs,0
snow,51,Taiwan,5,true,back_of_palm,Y_down,false,true,false,false,right,false,1,Horizontal,Horizontal,Y_down,Y_down,Y_down true false,Y_down_Hs,0
stand,51,Taiwan,H,false,tip,Y_down,false,false,false,false,right,false,0,palm,hand,Y_down,Y_down,Y_down false false,Y_down,0
star,51,Taiwan,E_bnb,true,tip,X_left,false,true,false,false,right,false,1,Horizontal,Horizontal,X_left,X_left,X_left true false,X_left_Hs,1
stone,51,Taiwan,B_nb,false,heel,Z_back,false,false,false,false,right,false,0,mouth,head,Z_back,Z_back,Z_back false false,Z_back,0
string,51,Taiwan,6,true,tip,X_left,false,false,false,false,right,false,1,Lateral,Lateral,X_left,X_left,X_left false false,X_left,0
sun,51,Taiwan,S,false,tip,NA,false,true,false,false,right,false,0,Lateral,Lateral,true false,Hs_Change,true false,Hs,0
tail,51,Taiwan,1,false,heel,NA,true,true,false,false,right,false,0,elbow_front,arm,true false,Hs_Change,true false,Hs,0
thin,51,Taiwan,E,true,finger_fronts,Y_down,false,false,false,false,right,false,1,cheek,head,Y_down,Y_down,Y_down false false,Y_down,0
tree,51,Taiwan,5,false,heel,NA,true,false,true,false,right,false,0,back_of_fingers,hand,false true,Or_Change,false true,Or,1
vomit,51,Taiwan,5,false,palm,Z_front,false,false,false,false,right,false,0,mouth,head,Z_front,Z_front,Z_front false false,Z_front,0
warm,51,Taiwan,4_nb,true,back_of_palm,Z_front,true,false,false,false,right,false,1,Horizontal,Horizontal,Z_front,Z_front,Z_front false false,Z_front,0
water,51,Taiwan,5,false,palm,NA,false,false,true,false,right,false,0,Horizontal,Horizontal,false true,Or_Change,false true,Or,0
what,51,Taiwan,1,true,tip,Z_front,true,false,false,false,right,false,1,Lateral,Lateral,Z_front,Z_front,Z_front false false,Z_front,0
when,51,Taiwan,L,false,tip,NA,false,false,true,false,right,false,0,palm,hand,false true,Or_Change,false true,Or,1
where,51,Taiwan,1,false,tip,NA,false,true,false,false,right,false,0,Horizontal,Horizontal,true false,Hs_Change,true false,Hs,0
white,51,Taiwan,1,false,tip,Z_back,true,false,false,false,right,false,0,mouth,head,Z_back,Z_back,Z_back false false,Z_back,0
who,51,Taiwan,A,false,back_of_fingers,Y_up,false,false,false,false,right,false,0,cheek,head,Y_up,Y_up,Y_up false false,Y_up,0
wife,51,Taiwan,I,false,ulnar_side,Y_up,false,false,false,false,right,false,0,Vertical,Vertical,Y_up,Y_up,Y_up false false,Y_up,0
wind,51,Taiwan,E,true,palm,X_right,false,false,false,false,right,false,1,Lateral,Lateral,X_right,X_right,X_right false false,X_right,0
with,51,Taiwan,V,false,tip,NA,false,false,true,false,right,false,0,tip,hand,false true,Or_Change,false true,Or,0
woman,51,Taiwan,I,false,ulnar_side,X_right,true,false,false,false,right,false,0,Vertical,Vertical,X_right,X_right,X_right false false,X_right,0
wood,51,Taiwan,S_b,true,heel,Z_front,true,false,false,false,right,false,1,wrist_back,arm,Z_front,Z_front,Z_front false false,Z_front,0
work,51,Taiwan,S,false,ulnar_side,Y_down,true,false,false,false,right,false,0,radial_side,hand,Y_down,Y_down,Y_down false false,Y_down,0
worm,51,Taiwan,I,false,ulnar_side,X_right,true,false,false,false,right,false,0,Horizontal,Horizontal,X_right,X_right,X_right false false,X_right,0
year,51,Taiwan,1,true,tip,Y_down,false,false,false,false,right,false,1,tip,hand,Y_down,Y_down,Y_down false false,Y_down,0
yellow,51,Taiwan,L,false,tip,NA,true,true,false,false,right,false,0,forehead,head,true false,Hs_Change,true false,Hs,0
